,richness,simpson,temperature,trace,systems
1,20,0.1981193,12.95,4.299808214,Western English Channel
2,31,0.745031753,16.25,19.16091645,Western English Channel
3,30,0.86928909,13.3167,15.35735976,Western English Channel
4,28,0.790777748,8.5533,11.21900311,Western English Channel
5,28,0.688608997,10.31,11.55559735,Western English Channel
6,28,0.786133457,14.2533,13.48869587,Western English Channel
7,33,0.339801852,13.0167,15.68527918,Western English Channel
8,25,0.529772061,7.67,10.51359801,Western English Channel
9,29,0.355691476,10.91,10.05516615,Western English Channel
10,33,0.702430279,16.6583,16.50343992,Western English Channel
11,27,0.897208038,14.36,18.11391202,Western English Channel
12,27,0.50330358,10.27,13.39431825,Western English Channel
13,28,0.710403672,12.28,12.84903985,Western English Channel
14,36,0.669827375,15.94,13.93225027,Western English Channel
15,29,0.236654249,13.59,16.97365351,Western English Channel
16,22,0.32356148,10.0367,5.8759478,Western English Channel
17,33,0.261247611,11.5033,11.60609475,Western English Channel
18,29,0.383537068,16.5733,13.91442526,Western English Channel
19,29,0.300950841,15.2817,15.55767434,Western English Channel
20,25,0.449282369,9.2,16.05567408,Western English Channel
21,27,0.83464838,11.11,11.70179087,Western English Channel
22,28,0.848424343,15.0807,16.52512394,Western English Channel
23,19,0.446561244,11.6867,9.644516275,Western English Channel
24,25,0.672112881,7.9067,4.619752047,Western English Channel
25,28,0.470793898,10.6733,27.2,Western English Channel
26,31,0.746242208,15.3967,26.4,Western English Channel
27,28,0.502466192,12.53,18.64659234,Western English Channel
28,27,0.272686058,9.7267,9.701171724,Western English Channel
29,26,0.674096317,11.3767,15.4070694,Western English Channel
30,31,0.839177902,15.59,17.12387128,Western English Channel
31,31,0.858456832,12.7867,20.53378149,Western English Channel
32,30,0.521015147,9.0333,16.9914646,Western English Channel
33,28,0.55646436,11.43,11.04906127,Western English Channel
34,28,0.442362744,17.2,13.98267164,Western English Channel
35,34,0.676312414,13.52,19.52754823,Western English Channel
36,26,0.543694818,9.29,14.3181389,Western English Channel
37,27,0.519967649,12.1833,10.31024406,Western English Channel
38,35,0.786047701,16.2767,12.32630122,Western English Channel
39,25,0.26667889,13.1067,13.52214232,Western English Channel
40,30,0.810266588,9.7667,7.483437576,Western English Channel
41,34,0.52432793,10.9833,27.6,Western English Channel
42,27,0.77789035,15.46,25.94827559,Western English Channel
43,32,0.507298363,13.3033,17.20762785,Western English Channel
44,30,0.900085331,8.9233,6.368994102,Western English Channel
45,30,0.750172943,11.1367,11.71642564,Western English Channel
46,31,0.692373061,16.6867,15.64040933,Western English Channel
47,30,0.184663249,14.1633,17.3579981,Western English Channel
48,27,0.560650209,10.55,8.109053127,Western English Channel
49,29,0.746376467,13.0233,12.99003672,Western English Channel
50,36,0.579543468,16.0567,14.25136878,Western English Channel
51,29,0.302822558,14.17,15.83153837,Western English Channel
52,24,0.356846798,10.0367,13.38113228,Western English Channel
53,34,0.765195607,11.98,15.03128135,Western English Channel
54,35,0.598367121,15.45,14.47251092,Western English Channel
55,25,0.154598509,12.9325,12.08888107,Western English Channel
56,25,0.673588312,8.5767,11.46645763,Western English Channel
57,34,0.817416937,12.0317,14.0753457,Western English Channel
58,33,0.549667469,15.7033,15.33407639,Western English Channel
59,27,0.031021157,13.6533,16.36668803,Western English Channel
60,23,0.815413319,8.2433,5.51531121,Western English Channel
61,25,0.886825275,10.7911,12.95951361,Western English Channel
62,33,0.234080908,16.055,13.34114889,Western English Channel
63,30,0.51512788,12.86,18.55424705,Western English Channel
64,30,0.793454051,8.7133,9.691906754,Western English Channel
65,27,0.181509591,12.0367,11.53128437,Western English Channel
66,35,0.476851097,15.3067,14.31295335,Western English Channel
67,29,0.49130845,13.31,8.355385595,Western English Channel
68,27,0.842875197,9.74,5.5673857,Western English Channel
69,32,0.599187134,11.4833,14.36445595,Western English Channel
70,29,0.682976515,16.2567,16.49770517,Western English Channel
71,30,0.080748305,12.8767,17.22682619,Western English Channel
72,25,0.548693582,9.4274,9.821758209,Western English Channel
73,30,0.371545907,9.7505,13.61664952,Western English Channel
74,35,0.670069817,15.7886,11.61475905,Western English Channel
75,32,0.654511943,13.622,10.72573673,Western English Channel
76,22,0.40618507,9.4307,3.40802426,Western English Channel
77,36,0.601956748,11.8281,12.23286472,Western English Channel
78,31,0.465715797,15.9534,17.84755163,Western English Channel
79,31,0.776763803,13.8182,7.753373678,Western English Channel
80,33,0.675289651,9.833,26,Western English Channel
81,27,0.392494586,11.4125,12.38048291,Western English Channel
82,33,0.754356641,15.4555,12.64004473,Western English Channel
83,12,0.850591879,0.3667,3.10289394,Lake Allequash
84,21,0.922050772,21.275,14.17230876,Lake Allequash
85,18,0.883484582,23.35,14.51657011,Lake Allequash
86,11,0.711151579,6.15,6.47862775,Lake Allequash
87,8,0.709457277,7.65,5.280655441,Lake Allequash
88,13,0.783742776,14.5167,4.871436851,Lake Allequash
89,17,0.865171295,20.35,12.74213334,Lake Allequash
90,18,0.898046741,8.45,5.723218368,Lake Allequash
91,13,0.891009613,0.4667,0.954700125,Lake Allequash
92,20,0.895084046,15.9,6.40612627,Lake Allequash
93,16,0.897424173,18.9167,6.866271852,Lake Allequash
94,9,0.770029775,5.95,7.469901714,Lake Allequash
95,12,0.803696991,-0.25,1,Lake Allequash
96,17,0.902643722,14.2667,5.322181266,Lake Allequash
97,19,0.891108815,19.4056,14.72339877,Lake Allequash
98,16,0.878166403,8.475,7.263959889,Lake Allequash
99,13,0.808038641,-1.5667,1,Lake Allequash
100,20,0.909433412,14.15,6.657156198,Lake Allequash
101,19,0.910401688,20.1333,14.54649566,Lake Allequash
102,15,0.897976998,7.75,7.303950315,Lake Allequash
103,14,0.862903031,-0.6667,0.517626312,Lake Allequash
104,20,0.892657604,15.5333,4.793380769,Lake Allequash
105,19,0.902166031,20.0444,14.35318968,Lake Allequash
106,16,0.894351329,5.25,7.286260168,Lake Allequash
107,15,0.875414207,-0.1417,1,Lake Allequash
108,20,0.917192093,22.1833,13.75294792,Lake Allequash
109,19,0.906895348,20.85,14.46052716,Lake Allequash
110,16,0.903198832,6.8,5.550216578,Lake Allequash
111,17,0.889568236,0.2667,1.330184304,Lake Allequash
112,22,0.918124494,15.95,6.594475875,Lake Allequash
113,18,0.896300295,20.8167,14.66188212,Lake Allequash
114,14,0.844950833,6.3833,7.280214468,Lake Allequash
115,14,0.795575519,-1.4,1,Lake Allequash
116,19,0.877840506,14.1667,4.851951513,Lake Allequash
117,22,0.905306207,20.3667,14.32387759,Lake Allequash
118,19,0.871751447,6.6875,6.653040336,Lake Allequash
119,12,0.792500363,-1.1667,0.277858561,Lake Allequash
120,20,0.906090656,20.225,14.80427183,Lake Allequash
121,19,0.897306186,18.6056,6.95272301,Lake Allequash
122,16,0.871874257,6.825,6.209663068,Lake Allequash
123,13,0.877458407,-0.9667,1,Lake Allequash
124,16,0.88998708,17.4667,6.395898377,Lake Allequash
125,17,0.885854742,20.2833,14.3249783,Lake Allequash
126,18,0.885881754,6.55,6.526211396,Lake Allequash
127,13,0.797553857,-1.3333,1,Lake Allequash
128,20,0.890917855,13.3889,5.950874652,Lake Allequash
129,20,0.909133881,20.8,14.52835452,Lake Allequash
130,15,0.853930553,8,6.403552735,Lake Allequash
131,16,0.902737983,0.5389,0.758338462,Lake Allequash
132,23,0.910530835,19.425,14.59852028,Lake Allequash
133,18,0.882895891,21.3833,15.00273769,Lake Allequash
134,10,0.816423447,5.0667,5.952536724,Lake Allequash
135,14,0.863984631,0.1,1,Lake Allequash
136,21,0.801001113,11.25,5.267178125,Lake Allequash
137,21,0.872750536,20.8333,14.67234876,Lake Allequash
138,15,0.881727385,8,6.706701204,Lake Allequash
139,19,0.886222523,-0.8333,1,Lake Allequash
140,20,0.86626573,11.3333,5.608561975,Lake Allequash
141,23,0.859670216,20.1556,14.02432499,Lake Allequash
142,15,0.840401615,8.875,6.22399087,Lake Allequash
143,16,0.846999734,-0.9667,1,Lake Allequash
144,20,0.867891291,17.0889,5.975824989,Lake Allequash
145,18,0.899758803,21.6833,15.06359959,Lake Allequash
146,18,0.892521482,9.575,8.021919266,Lake Allequash
147,20,0.844005387,-2.2667,1,Lake Allequash
148,22,0.907827186,13.8583,6.233791029,Lake Allequash
149,22,0.928094408,21.0167,14.92209764,Lake Allequash
150,19,0.921474535,7.625,6.411144297,Lake Allequash
151,19,0.825421731,-0.1333,1,Lake Allequash
152,22,0.902993764,13.2611,5.783032529,Lake Allequash
153,21,0.909302373,20.7667,14.06364576,Lake Allequash
154,20,0.831453692,8.25,7.261382429,Lake Allequash
155,11,0.762366075,-1.15,1,Lake Allequash
156,20,0.895360106,12.15,6.485456756,Lake Allequash
157,17,0.889448319,22.75,14.3560542,Lake Allequash
158,13,0.85936616,8.9333,6.434111473,Lake Allequash
159,13,0.693214215,-1.8333,1,Lake Allequash
160,17,0.859426187,10.0333,5.941901864,Lake Allequash
161,19,0.896585026,23.5389,14.27950556,Lake Allequash
162,17,0.866993816,6.75,5.640466218,Lake Allequash
163,17,0.799398448,0.7333,1,Lake Allequash
164,22,0.888840623,14.7333,6.503124428,Lake Allequash
165,19,0.913081257,21.7056,14.99126194,Lake Allequash
166,19,0.864564381,4.9833,6.863083555,Lake Allequash
167,14,0.667429196,0.4,1,Lake Allequash
168,20,0.888861343,12.85,3.709801071,Lake Allequash
169,21,0.916686077,20.3167,14.82696129,Lake Allequash
170,20,0.917202301,8.975,6.888699817,Lake Allequash
171,18,0.863731066,0.0333,1,Lake Allequash
172,22,0.921408022,14.7111,6.266556516,Lake Allequash
173,21,0.920137857,22.7667,14.932649,Lake Allequash
174,19,0.900810651,11.55,6.370052747,Lake Allequash
175,20,0.830714519,0.1333,0.900764953,Lake Allequash
176,22,0.905295958,15.0611,5.745711667,Lake Allequash
177,21,0.920328185,22.2667,14.28546038,Lake Allequash
178,19,0.897208041,6.1333,6.342922782,Lake Allequash
179,16,0.856544316,1.2333,0.121148708,Lake Allequash
180,22,0.866456078,15.0833,5.62223653,Lake Allequash
181,21,0.912001297,21.3833,15.26376341,Lake Allequash
182,19,0.90555176,10.65,6.177569938,Lake Allequash
183,18,0.842808205,-1.175,0.152343434,Lake Allequash
184,23,0.89359746,12.2806,4.655878279,Lake Allequash
185,22,0.927207505,20.95,14.73409255,Lake Allequash
186,20,0.904780533,10.325,6.772371892,Lake Allequash
187,20,0.902729498,-2.1333,0.666010548,Lake Allequash
188,21,0.879447313,13.55,6.191357876,Lake Allequash
189,20,0.919185277,19.85,15.10597672,Lake Allequash
190,20,0.909426009,5.5333,6.484618094,Lake Allequash
191,20,0.885133924,2.2,0.564429038,Lake Allequash
192,22,0.872460331,16.25,6.241084576,Lake Allequash
193,21,0.909089575,20.9444,14.9984585,Lake Allequash
194,19,0.892129143,9.55,8.028324445,Lake Allequash
195,16,0.855340093,-1.3667,0.130058949,Lake Allequash
196,19,0.882222833,12.6183,6.407441101,Lake Allequash
197,23,0.913773139,22.1667,14.77930467,Lake Allequash
198,17,0.904942124,0.4,2.030997136,Lake Big Muskellunge
199,23,0.931163772,18.2,8.635277916,Lake Big Muskellunge
200,22,0.928355689,22.7167,7.779058983,Lake Big Muskellunge
201,21,0.925259321,8.2833,6.444893319,Lake Big Muskellunge
202,16,0.72523126,-2.5833,2.143456961,Lake Big Muskellunge
203,20,0.886588415,10.0167,6.130687094,Lake Big Muskellunge
204,21,0.926098254,20.55,8.509173236,Lake Big Muskellunge
205,16,0.901918531,10.05,5.012941828,Lake Big Muskellunge
206,18,0.865419605,-1.4,1.71054479,Lake Big Muskellunge
207,21,0.925666959,12.15,10.39731743,Lake Big Muskellunge
208,21,0.917905082,20.5,9.396948328,Lake Big Muskellunge
209,18,0.905638295,8,5.041642949,Lake Big Muskellunge
210,16,0.902977632,-0.4417,1.945554318,Lake Big Muskellunge
211,18,0.923211236,11.6667,6.225140911,Lake Big Muskellunge
212,24,0.929051864,19.5556,8.874410098,Lake Big Muskellunge
213,23,0.917849517,10,9.412821833,Lake Big Muskellunge
214,19,0.869276713,-0.4667,2.975197199,Lake Big Muskellunge
215,22,0.923279255,13.3,9.404443739,Lake Big Muskellunge
216,23,0.934224513,20.85,9.548047239,Lake Big Muskellunge
217,21,0.927919196,9.125,8.930283444,Lake Big Muskellunge
218,19,0.875062371,-1.55,1.787693883,Lake Big Muskellunge
219,21,0.925018524,12.8,7.963682507,Lake Big Muskellunge
220,22,0.932657666,20.4778,7.668775642,Lake Big Muskellunge
221,21,0.929693202,6.225,7.342487448,Lake Big Muskellunge
222,19,0.914509749,-0.6333,1,Lake Big Muskellunge
223,21,0.894299906,19.0417,10.56734039,Lake Big Muskellunge
224,24,0.935384214,21.7167,10.72972192,Lake Big Muskellunge
225,22,0.926808471,9.75,8.845998948,Lake Big Muskellunge
226,18,0.905692956,-0.8167,0.407019979,Lake Big Muskellunge
227,18,0.912690563,12.7833,5.46657751,Lake Big Muskellunge
228,21,0.912544161,20.5167,7.55688468,Lake Big Muskellunge
229,17,0.908212745,7.15,3.856149094,Lake Big Muskellunge
230,16,0.90810653,-1.8667,0.962278715,Lake Big Muskellunge
231,20,0.879816148,13.225,5.994556702,Lake Big Muskellunge
232,16,0.905028843,20.6222,7.313779093,Lake Big Muskellunge
233,18,0.909249882,7.725,4.844613461,Lake Big Muskellunge
234,16,0.875448472,-1.25,1,Lake Big Muskellunge
235,24,0.909794853,19.725,10.6868763,Lake Big Muskellunge
236,19,0.908142735,18.7278,5.136452784,Lake Big Muskellunge
237,18,0.896851736,8.375,4.814513598,Lake Big Muskellunge
238,15,0.858544599,-1.0667,1,Lake Big Muskellunge
239,19,0.884936897,17.5,7.460820395,Lake Big Muskellunge
240,17,0.901990948,20.35,6.714013773,Lake Big Muskellunge
241,16,0.905921617,7.225,5.248883099,Lake Big Muskellunge
242,14,0.858776987,-1.2333,2.213999998,Lake Big Muskellunge
243,21,0.890733594,10.9778,8.973847453,Lake Big Muskellunge
244,22,0.910709251,20.7,9.557724675,Lake Big Muskellunge
245,19,0.907595621,11.1,6.116182036,Lake Big Muskellunge
246,13,0.834576345,-2.35,3.611711243,Lake Big Muskellunge
247,16,0.863746354,20.85,6.918421881,Lake Big Muskellunge
248,15,0.871087102,21.5,7.784538055,Lake Big Muskellunge
249,19,0.899637588,5.5,7.511894186,Lake Big Muskellunge
250,20,0.8989067,0.2667,3.230624089,Lake Big Muskellunge
251,20,0.863921564,9.15,7.163813128,Lake Big Muskellunge
252,20,0.904905916,21.2833,6.633522528,Lake Big Muskellunge
253,18,0.909347969,9.55,3.824343708,Lake Big Muskellunge
254,19,0.840185273,-1.35,2.025412218,Lake Big Muskellunge
255,22,0.76506669,8.6944,7.649723766,Lake Big Muskellunge
256,22,0.896708035,20.6167,11.30349903,Lake Big Muskellunge
257,16,0.908526072,9.325,4.313125215,Lake Big Muskellunge
258,18,0.8785731,-1.2667,0.630350658,Lake Big Muskellunge
259,17,0.888368806,15.2389,4.839613968,Lake Big Muskellunge
260,22,0.916974362,22.0833,10.91623419,Lake Big Muskellunge
261,19,0.92313712,11.525,4.786602139,Lake Big Muskellunge
262,22,0.894771765,-3.3,5.226357947,Lake Big Muskellunge
263,20,0.877084584,12.9694,7.360406949,Lake Big Muskellunge
264,21,0.917224193,21.3167,9.931787864,Lake Big Muskellunge
265,17,0.907931825,8.9,7.349625824,Lake Big Muskellunge
266,19,0.863251409,-0.9667,2.71493313,Lake Big Muskellunge
267,22,0.924385178,12.2833,10.04311979,Lake Big Muskellunge
268,19,0.924645775,21.0333,8.112561275,Lake Big Muskellunge
269,19,0.87831381,11.425,6.518407143,Lake Big Muskellunge
270,13,0.82025429,-2.2167,1.070668717,Lake Big Muskellunge
271,21,0.877406157,12.2111,8.090924538,Lake Big Muskellunge
272,16,0.896376995,22.45,5.555428099,Lake Big Muskellunge
273,15,0.901214664,9.8333,5.282364037,Lake Big Muskellunge
274,17,0.890030593,-1.55,3.16114329,Lake Big Muskellunge
275,21,0.906639479,9.25,7.59447616,Lake Big Muskellunge
276,22,0.902376504,22.7111,8.648654008,Lake Big Muskellunge
277,20,0.916552876,8.725,6.001357703,Lake Big Muskellunge
278,21,0.753557824,-0.0083,5.069400115,Lake Big Muskellunge
279,20,0.907246488,13.0333,4.374362213,Lake Big Muskellunge
280,19,0.922234822,22.4667,6.376244873,Lake Big Muskellunge
281,20,0.916075595,6.5444,4.894850064,Lake Big Muskellunge
282,21,0.845800756,0.4,4.711323725,Lake Big Muskellunge
283,19,0.907400465,11,4.791378692,Lake Big Muskellunge
284,21,0.915570104,19.7722,11.32508252,Lake Big Muskellunge
285,22,0.901874879,10.25,8.22550215,Lake Big Muskellunge
286,18,0.837283985,-1.4667,1.219576367,Lake Big Muskellunge
287,20,0.889146613,12.8,5.391734752,Lake Big Muskellunge
288,22,0.895218136,22.6,8.560104907,Lake Big Muskellunge
289,19,0.910122882,12.075,5.524012829,Lake Big Muskellunge
290,22,0.846360015,-0.975,3.266905443,Lake Big Muskellunge
291,21,0.913192356,13.3222,9.279269743,Lake Big Muskellunge
292,21,0.924097713,22.3,11.68921741,Lake Big Muskellunge
293,20,0.924822716,7.2833,4.16868274,Lake Big Muskellunge
294,20,0.911018954,0.7,1,Lake Big Muskellunge
295,24,0.9002118,13.2833,8.131944403,Lake Big Muskellunge
296,22,0.921369911,21.5889,9.13732038,Lake Big Muskellunge
297,22,0.921281309,12.1,8.017706866,Lake Big Muskellunge
298,19,0.828421471,-1.9333,2.211718248,Lake Big Muskellunge
299,21,0.872357153,10.5333,7.61213026,Lake Big Muskellunge
300,21,0.914391712,21.1667,10.0215464,Lake Big Muskellunge
301,19,0.914566221,11.5,4.120053989,Lake Big Muskellunge
302,22,0.855271455,-1.3333,2.879311699,Lake Big Muskellunge
303,20,0.900945102,13.15,2.987485287,Lake Big Muskellunge
304,19,0.896937982,20.3,6.227534126,Lake Big Muskellunge
305,22,0.920525388,6.65,7.913123852,Lake Big Muskellunge
306,22,0.901978279,1.9667,5.902119288,Lake Big Muskellunge
307,19,0.903267699,14.2833,6.12588848,Lake Big Muskellunge
308,24,0.9239086,20.9833,9.744448886,Lake Big Muskellunge
309,22,0.898142307,9.925,8.38645191,Lake Big Muskellunge
310,18,0.815647134,-0.0667,2.788122315,Lake Big Muskellunge
311,21,0.905924165,11.6333,9.574474281,Lake Big Muskellunge
312,22,0.917743959,22.1,10.14489602,Lake Big Muskellunge
313,12,0.838715004,6.825,9.151460033,Lake Sparkling
314,20,0.88777139,14.8813,6.610743819,Lake Sparkling
315,21,0.905771775,23,7.324939148,Lake Sparkling
316,17,0.897855131,8.9,7.975657475,Lake Sparkling
317,15,0.80111134,7.0667,7.453087042,Lake Sparkling
318,20,0.913605861,12.5611,6.965458708,Lake Sparkling
319,23,0.93256022,21.2444,7.055071134,Lake Sparkling
320,19,0.922520834,9.05,7.618044156,Lake Sparkling
321,18,0.908788159,-1.0667,2.761265153,Lake Sparkling
322,20,0.924819549,13.65,7.792793703,Lake Sparkling
323,24,0.927491909,19.4167,6.98771864,Lake Sparkling
324,17,0.887527637,7.9,6.952473457,Lake Sparkling
325,15,0.891875325,-0.0667,4.26577351,Lake Sparkling
326,19,0.916784254,12.7111,7.981587464,Lake Sparkling
327,21,0.926124863,19.75,7.216312591,Lake Sparkling
328,18,0.922834408,8.925,8.092724447,Lake Sparkling
329,20,0.91304523,0.1,4.187993591,Lake Sparkling
330,20,0.924480595,13.8278,8.102967676,Lake Sparkling
331,23,0.916306053,20.4167,7.931374489,Lake Sparkling
332,20,0.927532373,9.625,6.202516147,Lake Sparkling
333,18,0.897716819,-1.075,3.958697757,Lake Sparkling
334,21,0.928230358,12.8,6.498836467,Lake Sparkling
335,22,0.92342073,20.4667,7.222542028,Lake Sparkling
336,19,0.923351401,8.05,6.835467755,Lake Sparkling
337,18,0.887919473,-0.9667,3.277470381,Lake Sparkling
338,22,0.932143407,20.2167,6.33155096,Lake Sparkling
339,24,0.927304161,20.6,6.767854299,Lake Sparkling
340,19,0.900813288,10.25,7.004549934,Lake Sparkling
341,14,0.857993127,-0.4,2.770350757,Lake Sparkling
342,20,0.902879868,15.3167,6.313323146,Lake Sparkling
343,20,0.905893214,20.6,7.404712228,Lake Sparkling
344,17,0.897637742,8.35,6.896730103,Lake Sparkling
345,15,0.85086708,-2.1,2.457814061,Lake Sparkling
346,16,0.866064869,13.5333,8.025077405,Lake Sparkling
347,18,0.90231686,20.6944,6.878085576,Lake Sparkling
348,14,0.88523093,7.7,7.740780514,Lake Sparkling
349,14,0.826638478,-1.0917,3.50362466,Lake Sparkling
350,19,0.867396047,19.075,7.511813389,Lake Sparkling
351,16,0.892551812,18.8667,8.325811838,Lake Sparkling
352,17,0.894943837,8.675,6.543447381,Lake Sparkling
353,13,0.848349418,-1.175,4.227718885,Lake Sparkling
354,21,0.8995666,16.4083,7.458084254,Lake Sparkling
355,17,0.903208516,19.65,6.477664232,Lake Sparkling
356,16,0.890992455,7.825,6.204594128,Lake Sparkling
357,15,0.834131661,-1.5333,3.511470378,Lake Sparkling
358,17,0.896903512,10.8556,7.499017416,Lake Sparkling
359,16,0.895956105,20.1333,6.49105961,Lake Sparkling
360,14,0.841747151,11.35,8.048775733,Lake Sparkling
361,20,0.89547241,-2.15,4.467455015,Lake Sparkling
362,17,0.892680186,20.9667,7.993288888,Lake Sparkling
363,15,0.89229642,21.8833,8.21512855,Lake Sparkling
364,17,0.874959647,5.7,7.539223777,Lake Sparkling
365,14,0.861030128,0,3.294160829,Lake Sparkling
366,19,0.866034406,9.2833,7.053380797,Lake Sparkling
367,21,0.899113939,20.1389,7.364398848,Lake Sparkling
368,18,0.895049813,9.1,7.481538329,Lake Sparkling
369,21,0.839047842,-1.6667,3.18119507,Lake Sparkling
370,20,0.863014211,9.6917,6.043654289,Lake Sparkling
371,20,0.896113851,20.5722,6.735298657,Lake Sparkling
372,15,0.881565005,9.8,7.791193343,Lake Sparkling
373,19,0.850536193,-1.4,3.699716249,Lake Sparkling
374,18,0.887311286,14.7889,7.689398753,Lake Sparkling
375,22,0.923133744,21.9,7.25797005,Lake Sparkling
376,16,0.905152063,10.4,7.24885904,Lake Sparkling
377,17,0.82641821,-1.9667,4.389168786,Lake Sparkling
378,14,0.838787888,12.1917,8.071172866,Lake Sparkling
379,19,0.918726359,20.7444,7.39086838,Lake Sparkling
380,17,0.895714621,9.375,7.642651532,Lake Sparkling
381,22,0.884605602,-1.225,3.313086687,Lake Sparkling
382,18,0.919993895,12.3,8.350568138,Lake Sparkling
383,21,0.923401602,20.65,6.344241064,Lake Sparkling
384,21,0.881542237,11.4,6.406941084,Lake Sparkling
385,16,0.805773546,-1.7583,4.359065084,Lake Sparkling
386,22,0.919436984,13.4333,7.221212807,Lake Sparkling
387,24,0.932042622,22.5333,8.330252153,Lake Sparkling
388,23,0.912569447,10.6,6.282326147,Lake Sparkling
389,21,0.907115467,-1.5333,2.785238284,Lake Sparkling
390,20,0.919973392,9.2667,6.431149651,Lake Sparkling
391,22,0.92392083,22.1611,6.421372824,Lake Sparkling
392,21,0.914858886,9.15,6.165001767,Lake Sparkling
393,21,0.865875188,-1.2833,3.292087564,Lake Sparkling
394,21,0.914645251,12.2667,7.011294166,Lake Sparkling
395,21,0.90191211,22.45,7.655001326,Lake Sparkling
396,21,0.906488742,7.45,6.892181977,Lake Sparkling
397,19,0.888510983,1.675,1.987590976,Lake Sparkling
398,22,0.922163386,10.9167,6.49864183,Lake Sparkling
399,23,0.903481339,20.0167,6.602347153,Lake Sparkling
400,16,0.890427171,10.475,7.244547708,Lake Sparkling
401,19,0.859911617,-1.525,3.171171705,Lake Sparkling
402,19,0.915095054,11.3,7.788857722,Lake Sparkling
403,20,0.924920627,23.05,6.84130287,Lake Sparkling
404,19,0.909981861,12.3,7.407736989,Lake Sparkling
405,21,0.885000882,-1.9333,2.305300805,Lake Sparkling
406,22,0.882346617,14,6.473791671,Lake Sparkling
407,23,0.927228065,21.9167,5.996056397,Lake Sparkling
408,22,0.923800428,7.7444,6.591762079,Lake Sparkling
409,19,0.91243967,1.1333,3.725358205,Lake Sparkling
410,21,0.890722404,14.1167,8.157849685,Lake Sparkling
411,23,0.922540578,21.4917,7.855510614,Lake Sparkling
412,21,0.920979677,11.3,7.049075809,Lake Sparkling
413,18,0.869211288,-1.9,3.863890787,Lake Sparkling
414,19,0.891213208,10.6417,7.748100691,Lake Sparkling
415,22,0.912542696,21.2611,7.711009324,Lake Sparkling
416,15,0.890939128,11.225,8.390752579,Lake Sparkling
417,17,0.854476433,-2.2,3.816773941,Lake Sparkling
418,15,0.843601972,12.6833,9.002366222,Lake Sparkling
419,19,0.918466265,20.15,8.032190223,Lake Sparkling
420,20,0.905002931,8.0667,7.544817221,Lake Sparkling
421,19,0.870048636,1.6917,4.822936851,Lake Sparkling
422,23,0.908608262,14.3,7.78023524,Lake Sparkling
423,22,0.917068449,21.8556,8.365876932,Lake Sparkling
424,22,0.855343073,11.35,7.012543076,Lake Sparkling
425,17,0.824035136,-2.3667,3.568724431,Lake Sparkling
426,21,0.911708852,9.8222,7.945477274,Lake Sparkling
427,20,0.913315471,22.6167,7.601885541,Lake Sparkling
428,19,0.911014053,6.86,2.951891654,Trout Lake
429,21,0.900273804,12.01,4.815348301,Trout Lake
430,17,0.914587382,21.4833,12.26622289,Trout Lake
431,14,0.871285072,7.35,5.24690235,Trout Lake
432,14,0.829928733,6.525,3.423434368,Trout Lake
433,18,0.900266657,11.8167,3.868501704,Trout Lake
434,18,0.902331345,19.9,13.31665161,Trout Lake
435,15,0.875737542,9.15,4.080676572,Trout Lake
436,15,0.888471688,-1.0333,3.738004957,Trout Lake
437,21,0.925895824,10.8,3.720296094,Trout Lake
438,20,0.913043892,19.4833,12.03040151,Trout Lake
439,16,0.906898411,8.175,4.610246766,Trout Lake
440,15,0.84104006,-0.9833,3.820598086,Trout Lake
441,20,0.921289357,10.8444,3.46244351,Trout Lake
442,21,0.897102012,18.9833,6.195766233,Trout Lake
443,18,0.912003954,8.75,2.458143538,Trout Lake
444,19,0.884162979,-0.5333,3.204734048,Trout Lake
445,20,0.917267148,11.4278,3.380522172,Trout Lake
446,20,0.913427975,20.3,11.82460424,Trout Lake
447,19,0.911851844,8.95,4.113633067,Trout Lake
448,18,0.875810881,-2.0333,2.483934685,Trout Lake
449,19,0.920074397,12.1,5.337658476,Trout Lake
450,20,0.914813546,20.1944,12.96402077,Trout Lake
451,18,0.898606349,7,3.834862732,Trout Lake
452,15,0.8950495,-1.1333,3.872548244,Trout Lake
453,18,0.89293404,17.3,5.55739554,Trout Lake
454,17,0.892926646,20.5667,12.75283275,Trout Lake
455,18,0.899595971,9.175,2.627905874,Trout Lake
456,16,0.880837595,-0.7,3.610463357,Trout Lake
457,20,0.906332339,10.9333,3.423448692,Trout Lake
458,17,0.900174961,19.8667,11.510112,Trout Lake
459,16,0.894774321,7.9667,1.962181681,Trout Lake
460,18,0.886028795,-1.5833,3.28907919,Trout Lake
461,20,0.906053243,10.1333,2.728021004,Trout Lake
462,19,0.907669357,19.6667,12.64032609,Trout Lake
463,17,0.909432421,7.15,1.811272326,Trout Lake
464,16,0.852758304,-0.5917,2.338020875,Trout Lake
465,20,0.901022148,17.075,3.960370123,Trout Lake
466,18,0.872089414,17.9778,6.426480998,Trout Lake
467,16,0.872952141,8.7,4.560458739,Trout Lake
468,14,0.834407161,-0.8,3.518392913,Trout Lake
469,16,0.872541419,14.2333,4.556262414,Trout Lake
470,17,0.881372456,19.75,13.5835584,Trout Lake
471,17,0.892196217,7.6,2.76361564,Trout Lake
472,16,0.776341345,-1.2,4.094629368,Trout Lake
473,20,0.903801798,9.1222,1.838657889,Trout Lake
474,15,0.884557251,19.8167,12.54794711,Trout Lake
475,14,0.870876745,9.8667,4.076457362,Trout Lake
476,16,0.878383704,-1.4667,2.399032497,Trout Lake
477,19,0.883709622,16.2833,4.2525465,Trout Lake
478,16,0.838115171,20.8,14.03637761,Trout Lake
479,13,0.878891794,6.85,3.598201412,Trout Lake
480,16,0.863243953,0.2333,4.799979139,Trout Lake
481,20,0.844983191,9.1833,3.312108268,Trout Lake
482,21,0.907623647,19.5056,14.0619587,Trout Lake
483,15,0.887484923,8.45,3.013487893,Trout Lake
484,20,0.735732599,-0.9167,5.170451229,Trout Lake
485,19,0.913630731,8.3333,2.745377584,Trout Lake
486,19,0.901289597,19.8167,14.21915649,Trout Lake
487,16,0.868320016,9.35,2.111101206,Trout Lake
488,18,0.855638867,-1.3333,2.234669379,Trout Lake
489,19,0.882138114,13.8333,4.233969432,Trout Lake
490,18,0.827542693,21.0833,12.85040369,Trout Lake
491,16,0.824745399,9.175,3.801550077,Trout Lake
492,19,0.853710915,-1.9333,3.783937408,Trout Lake
493,20,0.866664363,11.3278,3.333284466,Trout Lake
494,17,0.888098123,20.5,13.49898192,Trout Lake
495,14,0.873067784,9.325,2.536760352,Trout Lake
496,17,0.850687457,-1.0583,2.237865061,Trout Lake
497,19,0.912193993,11.5111,2.516912935,Trout Lake
498,20,0.907711547,20.4667,12.49178261,Trout Lake
499,20,0.877059065,8.6,4.231149277,Trout Lake
500,18,0.881257271,-0.8,2.668757873,Trout Lake
501,21,0.897452788,11.0333,3.722083858,Trout Lake
502,18,0.900676062,21.7833,12.80711448,Trout Lake
503,16,0.900262515,10.775,2.871551697,Trout Lake
504,17,0.871552283,-2.2583,2.229893011,Trout Lake
505,20,0.913142268,7.6333,2.95738713,Trout Lake
506,18,0.903723966,21.8167,12.47812243,Trout Lake
507,17,0.887604533,8.675,1.437537663,Trout Lake
508,18,0.903260789,-1.1167,1.295951422,Trout Lake
509,20,0.922812025,9.4611,2.644240713,Trout Lake
510,19,0.88485091,20.4222,14.38278745,Trout Lake
511,18,0.891671825,6.45,4.822883037,Trout Lake
512,18,0.807817027,0.8333,2.96158419,Trout Lake
513,21,0.903608988,10.3333,3.252183231,Trout Lake
514,20,0.898653252,19.0889,4.622201859,Trout Lake
515,19,0.8932405,9.875,3.686610193,Trout Lake
516,20,0.889615788,-0.9667,2.996554173,Trout Lake
517,20,0.917075413,9.2667,2.871782278,Trout Lake
518,21,0.916485768,21.7611,12.92989126,Trout Lake
519,19,0.895490875,11.225,2.697901782,Trout Lake
520,20,0.856047194,-1.2833,3.014951117,Trout Lake
521,20,0.914018529,10.4444,3.774661324,Trout Lake
522,19,0.906498438,21.2667,13.60361735,Trout Lake
523,18,0.898083835,7.2333,3.376058998,Trout Lake
524,18,0.899755429,1,3.567243668,Trout Lake
525,21,0.922411718,12.1667,3.034255767,Trout Lake
526,20,0.890513618,20.6833,14.73702391,Trout Lake
527,19,0.905915479,10.75,6.001284265,Trout Lake
528,18,0.791934231,0.8333,4.537848569,Trout Lake
529,18,0.89581281,9.1167,3.279078576,Trout Lake
530,19,0.896467798,20.6556,14.60634385,Trout Lake
531,16,0.882394262,10.425,4.880790278,Trout Lake
532,20,0.876031267,-1.5333,4.807338959,Trout Lake
533,21,0.860143006,11.3167,3.717874963,Trout Lake
534,21,0.886617295,19.0611,6.25411429,Trout Lake
535,21,0.900498979,7.4167,4.004301836,Trout Lake
536,20,0.891629245,2.0167,4.098822898,Trout Lake
537,21,0.896765434,13.0167,5.066403133,Trout Lake
538,19,0.88121666,21.1833,14.60565227,Trout Lake
539,18,0.862473657,11.075,4.016833995,Trout Lake
540,18,0.821145804,-2.1667,3.688740585,Trout Lake
541,20,0.880718341,9.1278,2.279995075,Trout Lake
542,20,0.905570931,21.3333,12.96901643,Trout Lake
543,16,0.282327055,-1.6667,1,Lake Mendota
544,19,0.422656968,-1.5,1,Lake Mendota
545,12,0.036355644,-1.4,1,Lake Mendota
546,13,0.494358841,-1.25,1,Lake Mendota
547,12,0.471618999,-1.2,1,Lake Mendota
548,13,0.39362517,-1.1,1,Lake Mendota
549,21,0.420995497,-0.5667,5.0300619,Lake Mendota
550,12,0.646238856,-0.5,1,Lake Mendota
551,12,0.050343988,0,0.030061899,Lake Mendota
552,12,0.143093722,0,1.91840494,Lake Mendota
553,5,0.620482151,0.9,1,Lake Mendota
554,17,0.520821655,0.9667,2.288430494,Lake Mendota
555,13,0.153363313,1.2,1,Lake Mendota
556,15,0.172262186,1.6,1,Lake Mendota
557,11,0.555328615,1.6,1,Lake Mendota
558,15,0.613201922,2.2,1,Lake Mendota
559,15,0.601213913,2.8,2.356406142,Lake Mendota
560,17,0.528716789,3.1667,1,Lake Mendota
561,11,0.49048305,6.4,1,Lake Mendota
562,18,0.334585008,6.8,1,Lake Mendota
563,19,0.645093284,7.5,1.550726369,Lake Mendota
564,17,0.59269751,7.65,0.959520038,Lake Mendota
565,24,0.689400464,7.8,4.553964,Lake Mendota
566,19,0.621118308,7.8,1,Lake Mendota
567,18,0.711968966,8.3,3.569016277,Lake Mendota
568,20,0.47349986,8.35,5.759298962,Lake Mendota
569,14,0.622164181,8.75,3.743901989,Lake Mendota
570,23,0.587643393,9.4,4.16132014,Lake Mendota
571,24,0.646373972,9.4667,5.748890442,Lake Mendota
572,20,0.396235741,9.5333,5.204862833,Lake Mendota
573,22,0.643399798,9.7,3.449352347,Lake Mendota
574,19,0.623807102,10,5.194813977,Lake Mendota
575,19,0.388773797,10.9333,4.341944785,Lake Mendota
576,21,0.468339367,11.1,5.538734183,Lake Mendota
577,17,0.599202875,11.1333,3.388100038,Lake Mendota
578,21,0.482023937,11.25,3.773771319,Lake Mendota
579,25,0.70738245,11.3,4.974006795,Lake Mendota
580,23,0.707756888,12.7,4.564815229,Lake Mendota
581,16,0.480134773,12.9667,4.215898328,Lake Mendota
582,23,0.43063623,13.5333,3.839600714,Lake Mendota
583,21,0.403897026,13.6,6.861477,Lake Mendota
584,20,0.163297591,14.15,5.077943171,Lake Mendota
585,24,0.727570465,14.1667,6.479411685,Lake Mendota
586,26,0.695651609,15.0333,7.982297609,Lake Mendota
587,16,0.399296471,15.0667,10.11985287,Lake Mendota
588,21,0.7319295,15.5667,8.327920302,Lake Mendota
589,23,0.766211243,17.0333,8.346300998,Lake Mendota
590,24,0.765305779,17.4333,5.892302737,Lake Mendota
591,26,0.626464672,17.5,7.276709995,Lake Mendota
592,23,0.443372417,17.7667,7.609598093,Lake Mendota
593,22,0.703843982,18.3667,5.871325687,Lake Mendota
594,24,0.764958205,18.4333,9.905000774,Lake Mendota
595,25,0.808737106,19.4667,10.18561098,Lake Mendota
596,23,0.791583045,20,5.912905484,Lake Mendota
597,26,0.417930774,20.3667,8.132088795,Lake Mendota
598,24,0.688842434,20.7333,9.922970295,Lake Mendota
599,26,0.543501447,20.9333,8.379855454,Lake Mendota
600,16,0.468576723,21.1,10.62881554,Lake Mendota
601,21,0.557493764,21.8667,7.741679195,Lake Mendota
602,26,0.726637176,22.0333,8.877382175,Lake Mendota
603,22,0.720145071,22.7667,11.79918918,Lake Mendota
604,22,0.68117519,23.8667,11.874577,Lake Mendota
605,22,0.599187902,24.0333,13.15582346,Lake Mendota
606,15,0.579556698,2.2,0.555600749,Lake Monona
607,27,0.755818323,15.0667,8.209467645,Lake Monona
608,28,0.429304182,17.7667,20.31375348,Lake Monona
609,27,0.826263756,7.65,20.41544068,Lake Monona
610,13,0.675079742,-1.2,1,Lake Monona
611,23,0.458477716,9.5333,4.457074077,Lake Monona
612,25,0.804832886,22.7667,17.36382106,Lake Monona
613,25,0.40086793,8.35,21.2240265,Lake Monona
614,11,0.50680096,-0.5,1,Lake Monona
615,25,0.587638471,7.8,4.195360766,Lake Monona
616,27,0.739361749,17.4333,19.65516739,Lake Monona
617,16,0.521716796,6.8,12.84287971,Lake Monona
618,9,0.402938474,1.6,0.536212389,Lake Monona
619,18,0.644913687,11.1333,4.890714806,Lake Monona
620,29,0.704948747,20.3667,22.05465367,Lake Monona
621,32,0.712548119,11.25,21.03481608,Lake Monona
622,24,0.524419131,-1.6667,12.21770668,Lake Monona
623,28,0.306826903,14.1667,16.71228634,Lake Monona
624,30,0.6664538,18.4333,14.38654281,Lake Monona
625,26,0.647177794,9.7,18.78409337,Lake Monona
626,20,0.658781136,-1.9667,1.318417657,Lake Monona
627,28,0.816148917,9.4667,6.594796007,Lake Monona
628,27,0.823937599,17.0333,25.91979982,Lake Monona
629,21,0.808037606,8.75,23.09961945,Lake Monona
630,16,0.303474971,-1.25,1,Lake Monona
631,26,0.752132578,10.9333,3.424332528,Lake Monona
632,28,0.781773154,17.5,18.78095044,Lake Monona
633,28,0.750611445,14.15,20.40591222,Lake Monona
634,13,0.5,6.4,2.349146591,Lake Monona
635,27,0.724187744,13.6,13.76930866,Lake Monona
636,29,0.552223197,21.8667,20.74448417,Lake Monona
637,27,0.6382271,2.8,11.09295971,Lake Monona
638,12,0.567404255,-1.4,1,Lake Monona
639,30,0.704769067,15.5667,16.98842088,Lake Monona
640,32,0.679881359,20.7333,21.5435159,Lake Monona
641,31,0.562554027,-0.5667,14.32679232,Lake Monona
642,19,0.128539674,0,1,Lake Monona
643,30,0.678903891,13.5333,16.54024554,Lake Monona
644,27,0.638152181,20,22.61394292,Lake Monona
645,31,0.670926842,7.5,22.57690748,Lake Monona
646,16,0.130578025,0,1,Lake Monona
647,22,0.254053852,18.3667,8.375281632,Lake Monona
648,30,0.414579452,20.9333,22.80537232,Lake Monona
649,19,0.430647903,8.3,13.70032484,Lake Monona
650,11,0.4,-1.1,1,Lake Monona
651,31,0.789556492,12.9667,4.455413756,Lake Monona
652,30,0.638929282,21.1,18.1212049,Lake Monona
653,33,0.680581572,7.8,21.10921986,Lake Monona
654,26,0.257610718,-1.5,10.63334519,Lake Monona
655,29,0.663625167,15.0333,13.6725654,Lake Monona
656,28,0.63635793,23.8667,19.88602074,Lake Monona
657,33,0.622613371,9.4,21.30515275,Lake Monona
658,13,0.126256407,-0.2,1,Lake Monona
659,28,0.665237325,11.3,4.092435814,Lake Monona
660,29,0.770895768,22.0333,23.92382858,Lake Monona
661,24,0.383727821,10,22.1960911,Lake Monona
662,13,0.358031713,0.9,1,Lake Monona
663,27,0.647647521,11.1,5.126479631,Lake Monona
664,33,0.804169537,19.4667,21.38606304,Lake Monona
665,26,0.460722524,3.1667,13.64799055,Lake Monona
666,16,0.561913942,0.3,1,Lake Monona
667,27,0.683335539,12.7,16.43975592,Lake Monona
668,27,0.46097821,24.0333,22.75308793,Lake Monona
669,22,0.755845526,15.08,8.203685209,Lake Oneida
670,23,0.701027083,18.77,9.341070802,Lake Oneida
671,21,0.610183734,10.05,8.812424071,Lake Oneida
672,12,0.668708963,0.38,4.905631792,Lake Oneida
673,22,0.789576592,11.53,6.875045996,Lake Oneida
674,23,0.351262811,20.07,8.709005767,Lake Oneida
675,12,0.047090603,7,10.28655405,Lake Oneida
676,9,0.617823201,0.07,6.591409946,Lake Oneida
677,23,0.591892126,13.29,5.36120435,Lake Oneida
678,23,0.646754699,21.16,9.564850992,Lake Oneida
679,16,0.669566581,11.5,11.06669792,Lake Oneida
680,4,0.377355916,7.8,5.149926949,Lake Oneida
681,22,0.815824537,11.34,4.14050449,Lake Oneida
682,22,0.692795673,21.47,10.5145186,Lake Oneida
683,21,0.83899116,10.5,6.909192782,Lake Oneida
684,19,0.796063559,4,8.1337279,Lake Oneida
685,23,0.735110056,12.04,7.790279475,Lake Oneida
686,24,0.696143989,21.66,9.027884736,Lake Oneida
687,19,0.647115783,8.93,8.410834812,Lake Oneida
688,9,0.597444166,0,7.247882273,Lake Oneida
689,21,0.721068196,12.35,6.038932655,Lake Oneida
690,23,0.662400559,22.2,6.547865213,Lake Oneida
691,21,0.671448501,9.28,6.465038282,Lake Oneida
692,18,0.778801403,0.1,7.148187231,Lake Oneida
693,23,0.614311687,13.77,6.072017288,Lake Oneida
694,25,0.837055521,21.55,8.866890584,Lake Oneida
695,20,0.725307994,10.73,8.248882534,Lake Oneida
696,19,0.790307704,0,9.444328751,Lake Oneida
697,20,0.753247394,15.68,6.045374468,Lake Oneida
698,21,0.812780484,21.21,9.009810225,Lake Oneida
699,22,0.811505358,12.65,2.71687266,Lake Oneida
700,22,0.719690515,11.54,4.658660007,Lake Oneida
701,24,0.802741017,22.47,8.155085915,Lake Oneida
702,21,0.762743768,13.48,8.779852825,Lake Oneida
703,21,0.791051908,0,7.486631011,Lake Oneida
704,24,0.757598968,12.11,6.860862336,Lake Oneida
705,24,0.541849252,21.71,8.819545468,Lake Oneida
706,19,0.820091193,11.73,9.783102757,Lake Oneida
707,17,0.805529116,0.9,5.506128845,Lake Oneida
708,21,0.775553374,12.43,5.52151836,Lake Oneida
709,24,0.70154616,21.24,7.990080248,Lake Oneida
710,18,0.34032582,11.94,8.030210757,Lake Oneida
711,19,0.60295145,0.12,3.542406438,Lake Oneida
712,25,0.65670547,13.32,4.437090455,Lake Oneida
713,22,0.110455592,21.29,10.25861943,Lake Oneida
714,21,0.620070534,11.31,7.875967245,Lake Oneida
715,9,0.66021131,10.32,6.623772958,Lake Oneida
716,23,0.801474989,15.2,6.076921616,Lake Oneida
717,24,0.829676656,21.87,10.17031343,Lake Oneida
718,18,0.852471913,9.1,7.105751896,Lake Oneida
719,14,0.538987825,0.55,5.252676599,Lake Oneida
720,18,0.765202776,12.88,8.239471279,Lake Oneida
721,26,0.869057293,21.77,7.458241527,Lake Oneida
722,19,0.775392242,9.38,7.505140281,Lake Oneida
723,18,0.793478363,0,5.652528833,Lake Oneida
724,19,0.674609704,11.84,5.510613826,Lake Oneida
725,23,0.818504568,22.15,10.01665003,Lake Oneida
726,19,0.760049713,10.51,3.62223419,Lake Oneida
727,12,0.590906411,0.85,5.181068602,Lake Oneida
728,23,0.759734418,11.72,6.6379468,Lake Oneida
729,23,0.416743555,21.56,7.089138278,Lake Oneida
730,21,0.737722708,13.76,9.972360919,Lake Oneida
731,24,0.833878775,1,3.446515785,Lake Oneida
732,25,0.806844738,14.95,4.219243819,Lake Oneida
733,25,0.786805524,21.84,6.33072861,Lake Oneida
734,20,0.745575923,11.48,8.167707515,Lake Oneida
735,10,0.714041727,0.4,3.4074786,Lake Oneida
736,21,0.525639521,11.54,3.615545113,Lake Oneida
737,24,0.386843641,20.27,6.882644203,Lake Oneida
738,15,0.128597625,9.29,8.420838333,Lake Oneida
739,13,0.543471233,0.53,7.924942943,Lake Oneida
740,18,0.674417095,11.66,7.619464529,Lake Oneida
741,22,0.572770036,22.25,10.46207775,Lake Oneida
742,16,0.661368752,9.9,10.4925111,Lake Oneida
743,12,0.817031473,0.02,7.693540374,Lake Oneida
744,19,0.761742173,13.07,8.616938617,Lake Oneida
745,20,0.14959497,21.67,7.697647314,Lake Oneida
746,17,0.118191058,11.7,6.508347066,Lake Oneida
747,15,0.820978982,8.11,6.763478718,Lake Oneida
748,19,0.672772772,13.56,5.218765468,Lake Oneida
749,18,0.741008498,22.82,7.722386866,Lake Oneida
750,18,0.41358598,2.5,2.378133202,Narragansett Bay
751,20,0.678496708,11.3767,11.58551422,Narragansett Bay
752,15,0.582005609,20.37,14.06465432,Narragansett Bay
753,13,0.847650538,9.3067,6.761953876,Narragansett Bay
754,15,0.35468264,3.1767,13.7686338,Narragansett Bay
755,20,0.738743466,12.55,6.576654901,Narragansett Bay
756,18,0.745387259,21.2633,8.678196541,Narragansett Bay
757,12,0.523293683,10.08,5.750854841,Narragansett Bay
758,15,0.47820061,2.8067,10.35171052,Narragansett Bay
759,21,0.660668149,12.1833,8.717421087,Narragansett Bay
760,17,0.822943256,21.14,9.960698712,Narragansett Bay
761,17,0.822385949,9.5533,8.66755294,Narragansett Bay
762,15,0.111552001,2.8933,8.486353298,Narragansett Bay
763,24,0.784556561,11.9767,9.904203161,Narragansett Bay
764,20,0.843563356,20.6967,9.71276941,Narragansett Bay
765,13,0.432387089,11.15,7.453479604,Narragansett Bay
766,17,0.460331897,2.5767,7.565515703,Narragansett Bay
767,20,0.580860393,13.4933,7.707047069,Narragansett Bay
768,18,0.744846226,20.9567,12.77959658,Narragansett Bay
769,19,0.569133536,6.92,11.64179127,Narragansett Bay
770,17,0.663271855,0.84,4.87752412,Narragansett Bay
771,21,0.883727118,12.0767,11.48660518,Narragansett Bay
772,17,0.889918263,20.47,11.26218297,Narragansett Bay
773,11,0.690658129,9.7333,10.37877653,Narragansett Bay
774,23,0.358665245,1.3233,11.45812681,Narragansett Bay
775,22,0.794367025,11.8167,11.8330835,Narragansett Bay
776,19,0.838187833,20.5267,13.59412081,Narragansett Bay
777,18,0.235363247,9.8367,10.82146601,Narragansett Bay
778,20,0.644692596,2.08,14.67906418,Narragansett Bay
779,22,0.792637152,12.9,6.608507458,Narragansett Bay
780,19,0.896323752,20.82,6.467513831,Narragansett Bay
781,13,0.488790295,10.8,2.266894942,Narragansett Bay
782,20,0.699461419,2.0133,9.535200888,Narragansett Bay
783,21,0.463531471,12.84,9.188838787,Narragansett Bay
784,21,0.769766075,21.6733,11.33701544,Narragansett Bay
785,15,0.796179012,8.5733,9.563196355,Narragansett Bay
786,15,0.483900821,1.31,5.934464475,Narragansett Bay
787,18,0.871322294,13.3867,10.30797095,Narragansett Bay
788,18,0.904260629,21.54,10.42670903,Narragansett Bay
789,18,0.76688583,8.5567,6.705966827,Narragansett Bay
790,15,0.711958046,1.44,6.376101783,Narragansett Bay
791,20,0.480475582,11.7467,7.95826017,Narragansett Bay
792,18,0.546909913,20.47,13.38337768,Narragansett Bay
793,14,0.611024296,11.25,9.88459324,Narragansett Bay
794,13,0.57898988,3.55,3.081918107,Narragansett Bay
795,19,0.586077098,13.3667,5.693116991,Narragansett Bay
796,23,0.674082282,21.47,9.516111443,Narragansett Bay
797,14,0.732297967,9.9667,6.49368185,Narragansett Bay
798,13,0.608862912,2.36,6.548827553,Narragansett Bay
799,17,0.814160734,13.1833,5.836856911,Narragansett Bay
800,18,0.861891553,21.0733,6.963996437,Narragansett Bay
801,20,0.435758048,11.0667,9.847985667,Narragansett Bay
802,19,0.506756676,1.71,9.100855182,Narragansett Bay
803,21,0.733432764,13.0867,8.453116422,Narragansett Bay
804,20,0.200182635,21.3533,8.996586841,Narragansett Bay
805,25,0.770510115,10.97,9.692136644,Narragansett Bay
806,19,0.642112077,3.2767,5.579747758,Narragansett Bay
807,21,0.641785425,13.21,10.45405736,Narragansett Bay
808,18,0.700308839,19.9333,8.876383693,Narragansett Bay
809,9,0.7524062,2.2024,20.84944,Wadden Sea
810,15,0.8301644,10.5278,6.374999,Wadden Sea
811,15,0.7859389,16.0249,12.54341,Wadden Sea
812,11,0.7735331,7.2946,12.73199,Wadden Sea
813,7,0.7660384,0.2917,3.292101,Wadden Sea
814,13,0.7473492,10.7833,6.843476,Wadden Sea
815,14,0.6290604,16.0764,11.21788,Wadden Sea
816,12,0.7246319,6.73,9.382019,Wadden Sea
817,9,0.7435478,0.9375,3.992681,Wadden Sea
818,13,0.7925618,12.3089,9.176313,Wadden Sea
819,14,0.7114148,15.7141,10.96538,Wadden Sea
820,11,0.6052197,8.3393,12.82719,Wadden Sea
821,8,0.7678061,1.3056,10.36584,Wadden Sea
822,13,0.7633355,11.0042,9.776786,Wadden Sea
823,12,0.681668,16.8665,11.85453,Wadden Sea
824,8,0.4476333,6.7847,12.05454,Wadden Sea
825,9,0.7440208,3.7265,9.234449,Wadden Sea
826,15,0.2731783,12.0139,11.86637,Wadden Sea
827,13,0.6614756,16.5069,11.70278,Wadden Sea
828,9,0.7643773,6.6079,10.93287,Wadden Sea
829,12,0.6088064,5.5464,7.160297,Wadden Sea
830,13,0.6084789,12.4791,12.27474,Wadden Sea
831,13,0.7181266,17.037,11.65686,Wadden Sea
832,11,0.7304854,7.6718,12.1798,Wadden Sea
833,11,0.7544287,5.525,2.23756,Wadden Sea
834,15,0.4896033,12.7571,10.43708,Wadden Sea
835,14,0.493223,16.1221,11.61598,Wadden Sea
836,9,0.7326909,7.1046,13.19468,Wadden Sea
837,9,0.7605658,2.4595,1.969565,Wadden Sea
838,15,0.7184058,10.8061,7.100853,Wadden Sea
839,14,0.4071499,17.6242,10.89917,Wadden Sea
840,9,0.7649551,6.112,11.2687,Wadden Sea
841,10,0.7074116,4.3515,6.705003,Wadden Sea
842,14,0.4135261,12.7088,9.398698,Wadden Sea
843,13,0.3991742,16.9621,10.38196,Wadden Sea
844,8,0.753793,6.8321,14.23998,Wadden Sea
845,9,0.7051171,3.4798,5.758964,Wadden Sea
846,11,0.7536748,11.8831,14.02851,Wadden Sea
847,13,0.4452917,15.7043,12.3375,Wadden Sea
848,11,0.7080822,5.3237,10.7156,Wadden Sea
849,9,0.5958043,3.0788,4.315624,Wadden Sea
850,13,0.4803418,10.8329,11.45232,Wadden Sea
851,14,0.4877703,18.4072,11.57488,Wadden Sea
852,9,0.6986848,7.617,11.02112,Wadden Sea
853,10,0.573841,3.8007,7.519951,Wadden Sea
854,14,0.6682149,11.1647,8.391979,Wadden Sea
855,14,0.6608761,18.0282,10.83092,Wadden Sea
856,9,0.8355421,7.0817,10.05931,Wadden Sea
857,8,0.6960654,-1.0575,6.318869,Wadden Sea
858,12,0.6563474,10.3742,7.970252,Wadden Sea
859,14,0.7906415,16.4096,11.45841,Wadden Sea
860,10,0.846879,6.746,10.1688,Wadden Sea
861,9,0.8086079,1.8134,7.673833,Wadden Sea
862,14,0.7618806,11.5124,11.47722,Wadden Sea
863,14,0.7841993,18.9457,13.31396,Wadden Sea
864,10,0.7945099,6.1744,12.35973,Wadden Sea
865,9,0.7960297,4.2638,4.659233,Wadden Sea
866,14,0.4105735,12.0343,10.9663,Wadden Sea
867,15,0.6781451,16.155,10.37244,Wadden Sea
868,12,0.8344096,6.6199,12.7674,Wadden Sea
869,12,0.7456072,3.3333,5.679647,Wadden Sea
870,14,0.3152695,11.5271,7.842127,Wadden Sea
871,13,0.8154886,18.2473,11.16436,Wadden Sea
872,8,0.7227399,8.213,9.907791,Wadden Sea
873,10,0.7835004,4.1802,6.073892,Wadden Sea
874,14,0.7821122,13.7144,12.11867,Wadden Sea
875,14,0.8076795,15.9909,11.06183,Wadden Sea
876,10,0.8016912,8.5838,12.65299,Wadden Sea
877,10,0.7756757,2.0516,2.290832,Wadden Sea
878,14,0.7024949,10.302,10.32207,Wadden Sea
879,13,0.8089943,17.8704,12.82276,Wadden Sea
880,8,0.737187,8.02,13.78981,Wadden Sea
881,9,0.8238451,4.2773,2.007023,Wadden Sea
882,15,0.7423425,12.7666,12.32712,Wadden Sea
883,13,0.7681105,18.5825,11.75499,Wadden Sea
884,10,0.7048921,6.0901,11.66521,Wadden Sea
885,8,0.7639641,1.5383,6.456751,Wadden Sea
886,14,0.6878731,12.4033,7.50162,Wadden Sea
887,13,0.7213719,18.1988,12.41267,Wadden Sea
888,8,0.7009178,7.5523,11.28432,Wadden Sea
889,9,0.7250551,2.7731,2.538219,Wadden Sea
890,14,0.7672774,11.8588,7.415152,Wadden Sea
891,13,0.8166916,17.0876,12.18498,Wadden Sea
892,9,0.7233387,8.2928,14.01851,Wadden Sea
893,8,0.7721738,2.4353,0.9936289,Wadden Sea
894,14,0.316401,11.8068,6.923197,Wadden Sea
895,12,0.8423657,17.5971,11.58907,Wadden Sea
896,9,0.7686523,8.7311,15.59581,Wadden Sea
897,8,0.5358594,1.0719,6.625844,Wadden Sea
898,15,0.6755406,11.4989,8.885818,Wadden Sea
899,13,0.809856,18.829,13.36442,Wadden Sea
900,10,0.6982477,10.1225,10.07177,Wadden Sea
901,8,0.1865423,4.654,6.468321,Wadden Sea
902,13,0.8571844,13.4933,12.5428,Wadden Sea
903,13,0.629843,16.6791,10.74316,Wadden Sea
904,8,0.765579,7.9492,9.22246,Wadden Sea
905,8,0.6941848,4.1157,11.50314,Wadden Sea
906,13,0.7419128,12.8989,11.93719,Wadden Sea
907,12,0.6559117,17.2313,12.63763,Wadden Sea
908,9,0.8158492,7.7098,13.90588,Wadden Sea
909,8,0.5315959,2.7106,10.51212,Wadden Sea
910,13,0.7638948,12.1394,11.20286,Wadden Sea
911,12,0.5411292,17.8559,12.46659,Wadden Sea
912,10,0.6531221,7.9531,7.548067,Wadden Sea
913,6,0.4331251,2.8222,10.03578,Wadden Sea
914,12,0.4966855,11.6141,7.805879,Wadden Sea
915,13,0.7181528,17.8496,13.5432,Wadden Sea
916,9,0.6773209,5.4483,13.86385,Wadden Sea
917,9,0.2611854,1.81,7.51897,Wadden Sea
918,15,0.56425,12.7898,11.56102,Wadden Sea
919,11,0.7739293,16.6704,12.51693,Wadden Sea
920,18,0.5591521,25.8283,15.45284,Estuary of Patapsco River
921,17,0.7715337,13.2609,10.28175,Estuary of Patapsco River
922,14,0.7214805,6.2657,7.2106,Estuary of Patapsco River
923,17,0.4598379,22.6997,15.18265,Estuary of Patapsco River
924,18,0.7453943,27.5801,15.98807,Estuary of Patapsco River
925,15,0.8299551,12.0023,9.907851,Estuary of Patapsco River
926,14,0.7842233,5.2371,10.62464,Estuary of Patapsco River
927,19,0.5779047,22.1968,14.19526,Estuary of Patapsco River
928,18,0.803896,26.9519,15.09025,Estuary of Patapsco River
929,17,0.6414178,11.1857,8.095115,Estuary of Patapsco River
930,14,0.7537099,6.7185,7.601953,Estuary of Patapsco River
931,16,0.7251173,22.3204,13.91822,Estuary of Patapsco River
932,18,0.7700864,28.1345,14.73413,Estuary of Patapsco River
933,20,0.8268805,11.6502,8.683507,Estuary of Patapsco River
934,15,0.2503913,5.9463,9.006054,Estuary of Patapsco River
935,17,0.6061835,20.9461,12.00495,Estuary of Patapsco River
936,19,0.8765982,28.1173,8.383885,Estuary of Patapsco River
937,17,0.6355372,10.6313,7.304859,Estuary of Patapsco River
938,13,0.06936934,7.1184,6.484689,Estuary of Patapsco River
939,15,0.6541428,21.2371,13.94465,Estuary of Patapsco River
940,19,0.7939377,26.4815,14.69274,Estuary of Patapsco River
941,18,0.7514767,10.0811,8.33705,Estuary of Patapsco River
942,11,0.7882948,10.5285,8.072853,Estuary of Patapsco River
943,14,0.7022092,20.873,9.907376,Estuary of Patapsco River
944,20,0.8267087,26.3089,14.92437,Estuary of Patapsco River
945,17,0.7060581,13.1362,7.688958,Estuary of Patapsco River
946,11,0.6350422,8.4571,5.081885,Estuary of Patapsco River
947,16,0.7586499,23.7952,14.15087,Estuary of Patapsco River
948,19,0.622526,27.6768,14.09564,Estuary of Patapsco River
949,15,0.797545,12.2489,9.439445,Estuary of Patapsco River
950,14,0.631382,7.1167,8.504613,Estuary of Patapsco River
951,16,0.825359,20.9014,15.96368,Estuary of Patapsco River
952,17,0.6783052,26.075,15.3892,Estuary of Patapsco River
953,17,0.7810136,11.2553,7.920971,Estuary of Patapsco River
954,12,0.2392966,5.3105,5.272538,Estuary of Patapsco River
955,15,0.1546785,22.2942,15.33716,Estuary of Patapsco River
956,20,0.8760756,27.7994,13.89863,Estuary of Patapsco River
957,17,0.7239231,11.7187,6.461092,Estuary of Patapsco River
958,14,0.4282714,4.2156,15.88109,Estuary of Patapsco River
959,16,0.6339986,23.0333,12.09365,Estuary of Patapsco River
960,18,0.6610351,26.8077,9.109213,Estuary of Patapsco River
961,18,0.4636498,13.569,7.380201,Estuary of Patapsco River
962,12,0.1378743,6.3843,6.463004,Estuary of Patapsco River
963,14,0.7220166,21.245,13.6334,Estuary of Patapsco River
964,18,0.8569137,28.8522,15.33492,Estuary of Patapsco River
965,14,0.7976646,10.4464,9.260904,Estuary of Patapsco River
966,7,0.5371481,5.5773,5.725634,Estuary of Patapsco River
967,10,0.4338046,21.3889,8.663519,Estuary of Patapsco River
968,20,0.7827324,26.1294,9.884941,Estuary of Patapsco River
969,17,0.7884068,10.9932,5.223687,Estuary of Patapsco River
970,10,0.3849354,7.9905,9.223422,Estuary of Patapsco River
971,12,0.6301415,20.5862,5.398608,Estuary of Patapsco River
972,20,0.7353014,26.9137,15.67606,Estuary of Patapsco River
973,14,0.8348478,11.4756,6.722671,Estuary of Patapsco River
974,10,0.5212741,9.3126,5.855809,Estuary of Patapsco River
975,13,0.5580181,22.6426,10.1056,Estuary of Patapsco River
976,19,0.7540819,28.4519,11.54493,Estuary of Patapsco River
977,16,0.7243955,13.2246,8.953797,Estuary of Patapsco River
978,10,0.2380377,8.1743,7.915223,Estuary of Patapsco River
979,15,0.7520372,22.2445,9.536619,Estuary of Patapsco River
980,19,0.8023234,28.1388,13.05695,Estuary of Patapsco River
981,17,0.5163604,12.5221,8.826348,Estuary of Patapsco River
982,10,0.424059,9.147,11.66101,Estuary of Patapsco River
983,13,0.7862186,21.7388,5.3716,Estuary of Patapsco River
984,19,0.5872285,25.587,13.69595,Estuary of Patapsco River
985,13,0.5034691,11.1556,10.33572,Estuary of Patapsco River
986,9,0.6250685,6.4197,8.553759,Estuary of Patapsco River
987,10,0.7428988,23.0542,10.70019,Estuary of Patapsco River
988,18,0.866822,27.4756,13.78526,Estuary of Patapsco River
989,14,0.643655,15.5243,11.94738,Estuary of Patapsco River
990,12,0.7859403,9.4881,9.30781,Estuary of Patapsco River
991,15,0.8236034,22.9953,13.89954,Estuary of Patapsco River
992,16,0.8441177,29.513,11.67932,Estuary of Patapsco River
993,19,0.4878996,25.8283,14.96615,Estuary of Elk River
994,18,0.7419086,13.2609,12.43908,Estuary of Elk River
995,18,0.6774052,6.2657,13.87559,Estuary of Elk River
996,18,0.4227509,22.6997,17.32717,Estuary of Elk River
997,18,0.6325804,27.5801,13.5878,Estuary of Elk River
998,17,0.6507454,12.0023,12.44592,Estuary of Elk River
999,15,0.6294372,5.2371,17.64069,Estuary of Elk River
1000,19,0.1383988,22.1968,13.65569,Estuary of Elk River
1001,19,0.4355471,26.9519,9.521786,Estuary of Elk River
1002,19,0.5727148,11.1857,11.72185,Estuary of Elk River
1003,17,0.5648201,6.7185,12.42757,Estuary of Elk River
1004,18,0.6481731,22.3204,15.94138,Estuary of Elk River
1005,17,0.3977689,28.1345,12.43933,Estuary of Elk River
1006,17,0.6172564,11.6502,15.27795,Estuary of Elk River
1007,19,0.241338,5.9463,14.66087,Estuary of Elk River
1008,20,0.5713465,20.9461,18.4308,Estuary of Elk River
1009,17,0.4706264,28.1173,15.47167,Estuary of Elk River
1010,17,0.5359558,10.6313,14.58733,Estuary of Elk River
1011,15,0.519907,7.1184,17.15514,Estuary of Elk River
1012,17,0.2906265,21.2371,15.95322,Estuary of Elk River
1013,18,0.6015237,26.4815,14.38709,Estuary of Elk River
1014,17,0.7170221,10.0811,1,Estuary of Elk River
1015,14,0.05108957,10.5285,12.98751,Estuary of Elk River
1016,15,0.1713448,20.873,15.21953,Estuary of Elk River
1017,18,0.2708557,26.3089,14.06248,Estuary of Elk River
1018,18,0.3546839,13.1362,13.1109,Estuary of Elk River
1019,15,0.566581,8.4571,12.81735,Estuary of Elk River
1020,16,0.584006,23.7952,10.43417,Estuary of Elk River
1021,14,0.2882167,27.6768,20.44449,Estuary of Elk River
1022,14,0.5789988,12.2489,12.24044,Estuary of Elk River
1023,13,0.3599417,7.1167,17.94929,Estuary of Elk River
1024,19,0.6226539,20.9014,11.54253,Estuary of Elk River
1025,17,0.5827502,26.075,13.79107,Estuary of Elk River
1026,13,0.476898,11.2553,13.896,Estuary of Elk River
1027,14,0.6803253,5.3105,16.24811,Estuary of Elk River
1028,18,0.279867,22.2942,14.97689,Estuary of Elk River
1029,18,0.07908255,27.7994,10.41922,Estuary of Elk River
1030,19,0.2931326,11.7187,15.36935,Estuary of Elk River
1031,15,0.5106943,4.2156,13.46237,Estuary of Elk River
1032,15,0.5758212,23.0333,11.37308,Estuary of Elk River
1033,21,0.4806589,26.8077,8.593668,Estuary of Elk River
1034,17,0.5508388,13.569,7.508973,Estuary of Elk River
1035,11,0.2776174,6.3843,10.16327,Estuary of Elk River
1036,16,0.5849495,21.245,14.72453,Estuary of Elk River
1037,15,0.3793663,28.8522,13.19878,Estuary of Elk River
1038,12,0.5023648,10.4464,6.288602,Estuary of Elk River
1039,11,0.4835799,5.5773,8.112553,Estuary of Elk River
1040,14,0.4702136,21.3889,13.08992,Estuary of Elk River
1041,20,0.1355118,26.1294,7.461186,Estuary of Elk River
1042,18,0.3154836,10.9932,9.845859,Estuary of Elk River
1043,16,0.07096158,7.9905,6.951034,Estuary of Elk River
1044,17,0.5368111,20.5862,8.586252,Estuary of Elk River
1045,17,0.4983224,26.9137,10.60925,Estuary of Elk River
1046,14,0.5254952,11.4756,8.383086,Estuary of Elk River
1047,10,0.000283386,9.3126,10.09159,Estuary of Elk River
1048,13,0.000959886,22.6426,16.8277,Estuary of Elk River
1049,18,0.4275843,28.4519,18.79638,Estuary of Elk River
1050,9,0.5255489,13.2246,3.44987,Estuary of Elk River
1051,6,6.35E-05,8.1743,2.28565,Estuary of Elk River
1052,8,0.6619819,22.2445,13.80056,Estuary of Elk River
1053,14,0.5862513,28.1388,15.7701,Estuary of Elk River
1054,15,0.5754203,12.5221,11.8491,Estuary of Elk River
1055,14,0.5095462,9.147,15.45471,Estuary of Elk River
1056,17,0.7828482,21.7388,17.89002,Estuary of Elk River
1057,15,0.6686785,25.587,11.87763,Estuary of Elk River
1058,9,0.3938767,11.1556,2.521012,Estuary of Elk River
1059,8,0.3371011,6.4197,10.82633,Estuary of Elk River
1060,15,0.4550428,23.0542,14.25982,Estuary of Elk River
1061,13,0.3441599,27.4756,13.2222,Estuary of Elk River
1062,7,0.5595498,15.5243,8.511527,Estuary of Elk River
1063,7,0.2139057,9.4881,11.63092,Estuary of Elk River
1064,13,0.4893592,22.9953,8.955218,Estuary of Elk River
1065,20,0.7900866,25.8414,15.78711,Estuary of south river
1066,20,0.8144227,13.8017,10.30464,Estuary of south river
1067,18,0.7571993,6.2417,7.099252,Estuary of south river
1068,20,0.6106309,22.0251,19.05922,Estuary of south river
1069,21,0.6172823,26.8272,17.29734,Estuary of south river
1070,19,0.1471148,12.7182,11.42348,Estuary of south river
1071,15,0.5842633,6.535,4.158363,Estuary of south river
1072,20,0.7104019,22.1006,11.93617,Estuary of south river
1073,15,0.5174441,26.5832,16.49935,Estuary of south river
1074,15,0.8073738,12.1955,11.74725,Estuary of south river
1075,20,0.7557568,6.033,8.199818,Estuary of south river
1076,23,0.7327014,21.3634,16.81486,Estuary of south river
1077,17,0.7449448,27.9317,19.3008,Estuary of south river
1078,16,0.5928163,12.2491,12.93999,Estuary of south river
1079,18,0.6324831,5.7891,4.564097,Estuary of south river
1080,19,0.6610401,20.23,15.34018,Estuary of south river
1081,17,0.4183669,27.6296,17.45523,Estuary of south river
1082,20,0.4463341,11.308,10.90898,Estuary of south river
1083,18,0.7208464,6.7328,8.572114,Estuary of south river
1084,18,0.7263484,20.4325,12.0719,Estuary of south river
1085,20,0.7259379,26.3321,10.65502,Estuary of south river
1086,14,0.4009605,9.693,6.768183,Estuary of south river
1087,11,0.3183631,9.6072,7.584456,Estuary of south river
1088,17,0.5519847,19.9174,12.22901,Estuary of south river
1089,20,0.5052582,26.8138,16.76558,Estuary of south river
1090,20,0.2849955,14.0946,10.90818,Estuary of south river
1091,16,0.6002797,8.4729,9.546486,Estuary of south river
1092,18,0.781515,22.9897,11.32245,Estuary of south river
1093,22,0.4398297,26.814,15.05048,Estuary of south river
1094,18,0.2295567,12.5721,10.89134,Estuary of south river
1095,16,0.3630383,6.2825,5.669288,Estuary of south river
1096,20,0.4819254,19.0235,3.718208,Estuary of south river
1097,20,0.2033192,25.1382,15.42438,Estuary of south river
1098,22,0.533502,10.9785,9.002472,Estuary of south river
1099,13,0.6197213,5.0386,6.690428,Estuary of south river
1100,18,0.7754398,20.8799,13.72925,Estuary of south river
1101,19,0.6287708,27.0703,17.85935,Estuary of south river
1102,19,0.2448513,11.5814,10.42142,Estuary of south river
1103,19,0.2341504,4.2947,13.2949,Estuary of south river
1104,19,0.7161063,22.4464,12.41359,Estuary of south river
1105,21,0.7012154,26.5283,17.84138,Estuary of south river
1106,18,0.7062488,13.9411,12.93293,Estuary of south river
1107,17,0.6623959,7.1356,5.358263,Estuary of south river
1108,20,0.7530829,20.7358,9.418397,Estuary of south river
1109,22,0.3150547,28.0317,14.7187,Estuary of south river
1110,19,0.6857842,10.9675,8.201506,Estuary of south river
1111,15,0.5658979,5.1164,7.335465,Estuary of south river
1112,19,0.7490082,20.1035,13.06071,Estuary of south river
1113,21,0.7688789,25.7553,15.01519,Estuary of south river
1114,16,0.2116495,11.2332,9.641475,Estuary of south river
1115,11,0.000487242,7.1305,6.09662,Estuary of south river
1116,16,0.6192704,19.7459,11.61859,Estuary of south river
1117,22,0.477422,26.465,15.31278,Estuary of south river
1118,18,0.5238552,11.6177,9.270979,Estuary of south river
1119,14,0.5131609,9.0412,11.21037,Estuary of south river
1120,19,0.6751646,21.5024,11.77707,Estuary of south river
1121,21,0.1576093,27.3917,14.29887,Estuary of south river
1122,13,0.5560861,13.0711,9.443265,Estuary of south river
1123,14,0.1215691,7.417,8.216184,Estuary of south river
1124,23,0.7181077,20.8652,10.9894,Estuary of south river
1125,22,0.2168345,27.407,16.0388,Estuary of south river
1126,18,0.4995582,13.3841,10.03655,Estuary of south river
1127,13,0.000754688,7.8223,5.849521,Estuary of south river
1128,19,0.7329732,20.6043,12.1568,Estuary of south river
1129,18,0.7694006,24.4202,19.42601,Estuary of south river
1130,13,0.6895446,10.2748,11.0402,Estuary of south river
1131,12,0.6165257,5.7015,7.904739,Estuary of south river
1132,18,0.6709732,21.6026,15.43666,Estuary of south river
1133,17,0.7650213,26.0508,16.32797,Estuary of south river
1134,16,0.3226006,14.6643,10.46867,Estuary of south river
1135,14,0.6368228,9.1176,8.05484,Estuary of south river
1136,15,0.6360144,21.9926,13.2185,Estuary of south river
1137,18,0.7901318,25.8414,9.045055,Estuary of Choptank river
1138,18,0.4891479,13.8017,8.299588,Estuary of Choptank river
1139,17,0.7608421,6.2417,6.484623,Estuary of Choptank river
1140,19,0.8248194,22.0251,6.223947,Estuary of Choptank river
1141,18,0.7184137,26.8272,6.801349,Estuary of Choptank river
1142,18,0.7211398,12.7182,7.572866,Estuary of Choptank river
1143,17,0.738483,6.535,6.823142,Estuary of Choptank river
1144,20,0.6439358,22.1006,5.666682,Estuary of Choptank river
1145,18,0.6608489,26.5832,7.977899,Estuary of Choptank river
1146,18,0.6842453,12.1955,8.625882,Estuary of Choptank river
1147,16,0.4026822,6.033,7.287322,Estuary of Choptank river
1148,17,0.5909138,21.3634,7.851335,Estuary of Choptank river
1149,19,0.6826209,27.9317,8.352939,Estuary of Choptank river
1150,19,0.7678659,12.2491,8.706342,Estuary of Choptank river
1151,13,0.6656771,5.7891,9.133695,Estuary of Choptank river
1152,16,0.6167632,20.23,6.706703,Estuary of Choptank river
1153,19,0.6834615,27.6296,6.488206,Estuary of Choptank river
1154,18,0.7257441,11.308,5.35662,Estuary of Choptank river
1155,16,0.8008523,6.7328,6.444646,Estuary of Choptank river
1156,17,0.6680114,20.4325,9.251766,Estuary of Choptank river
1157,20,0.8171911,26.3321,8.002846,Estuary of Choptank river
1158,20,0.6854031,9.693,7.60599,Estuary of Choptank river
1159,13,0.6803766,9.6072,6.488983,Estuary of Choptank river
1160,16,0.7243908,19.9174,7.264089,Estuary of Choptank river
1161,20,0.8440086,26.8138,6.879154,Estuary of Choptank river
1162,17,0.797796,14.0946,7.286563,Estuary of Choptank river
1163,13,0.8188924,8.4729,6.731485,Estuary of Choptank river
1164,16,0.7831613,22.9897,7.611229,Estuary of Choptank river
1165,18,0.5967978,26.814,7.142833,Estuary of Choptank river
1166,17,0.7508189,12.5721,9.560482,Estuary of Choptank river
1167,16,0.7149361,6.2825,8.121424,Estuary of Choptank river
1168,20,0.8163776,19.0235,7.494408,Estuary of Choptank river
1169,20,0.8247855,25.1382,7.18029,Estuary of Choptank river
1170,19,0.7848528,10.9785,7.663136,Estuary of Choptank river
1171,18,0.7149362,5.0386,7.197577,Estuary of Choptank river
1172,19,0.8339125,20.8799,7.874433,Estuary of Choptank river
1173,20,0.833199,27.0703,6.582338,Estuary of Choptank river
1174,19,0.7592525,11.5814,8.209674,Estuary of Choptank river
1175,14,0.4134989,4.2947,6.574496,Estuary of Choptank river
1176,17,0.7706429,22.4464,5.195577,Estuary of Choptank river
1177,19,0.7855883,26.5283,7.139937,Estuary of Choptank river
1178,18,0.8236415,13.9411,8.397248,Estuary of Choptank river
1179,15,0.6771897,7.1356,6.333334,Estuary of Choptank river
1180,17,0.788304,20.7358,6.349306,Estuary of Choptank river
1181,19,0.8785373,28.0317,6.906234,Estuary of Choptank river
1182,17,0.8352795,10.9675,6.796142,Estuary of Choptank river
1183,9,0.2896287,5.1164,6.283882,Estuary of Choptank river
1184,12,0.7090135,20.1035,6.873959,Estuary of Choptank river
1185,19,0.7046963,25.7553,5.088086,Estuary of Choptank river
1186,16,0.8278646,11.2332,9.727736,Estuary of Choptank river
1187,8,0.6201005,7.1305,6.543838,Estuary of Choptank river
1188,14,0.8396852,19.7459,5.401979,Estuary of Choptank river
1189,18,0.7922035,26.465,7.30899,Estuary of Choptank river
1190,16,0.7832243,11.6177,8.230186,Estuary of Choptank river
1191,11,0.6935372,9.0412,5.960972,Estuary of Choptank river
1192,12,0.7239887,21.5024,5.454446,Estuary of Choptank river
1193,20,0.8532966,27.3917,7.281599,Estuary of Choptank river
1194,15,0.7644692,13.0711,8.021156,Estuary of Choptank river
1195,13,0.6719571,7.417,8.399241,Estuary of Choptank river
1196,19,0.7729365,20.8652,3.640076,Estuary of Choptank river
1197,19,0.8382753,27.407,6.646072,Estuary of Choptank river
1198,17,0.4284125,13.3841,5.164463,Estuary of Choptank river
1199,11,0.6941569,7.8223,7.648768,Estuary of Choptank river
1200,16,0.8009832,20.6043,4.622137,Estuary of Choptank river
1201,19,0.5850387,24.4202,7.184072,Estuary of Choptank river
1202,18,0.8014717,10.2748,9.292394,Estuary of Choptank river
1203,13,0.67533,5.7015,4.865238,Estuary of Choptank river
1204,16,0.7957164,21.6026,5.475227,Estuary of Choptank river
1205,20,0.8640083,26.0508,4.523138,Estuary of Choptank river
1206,15,0.6707,14.6643,7.241797,Estuary of Choptank river
1207,13,0.7943941,9.1176,4.080145,Estuary of Choptank river
1208,19,0.8485821,21.9926,6.090454,Estuary of Choptank river
1209,19,0.8206472,28.1358,5.654926,Estuary of Choptank river
1210,29,0.6931464,21.9439,13.15492,Estuary of Bush river
1211,30,0.606055,4.9452,13.92459,Estuary of Bush river
1212,29,0.7834956,4.3996,11.61541,Estuary of Bush river
1213,33,0.6415281,20.4679,11.93326,Estuary of Bush river
1214,31,0.2888554,23.3389,14.60752,Estuary of Bush river
1215,28,0.4117368,9.6014,13.64238,Estuary of Bush river
1216,27,0.5313438,4.8856,9.871283,Estuary of Bush river
1217,31,0.4772856,20.0171,11.71391,Estuary of Bush river
1218,26,0.3951319,23.2049,13.24865,Estuary of Bush river
1219,28,0.7105651,8.9253,13.92415,Estuary of Bush river
1220,25,0.6317638,4.9307,9.893657,Estuary of Bush river
1221,30,0.5632854,19.9435,8.81487,Estuary of Bush river
1222,29,0.3667326,24.2923,12.24372,Estuary of Bush river
1223,31,0.2711168,8.6814,14.78275,Estuary of Bush river
1224,25,0.6798155,4.1445,12.24577,Estuary of Bush river
1225,30,0.6826974,19.0096,10.85439,Estuary of Bush river
1226,31,0.2879672,24.1125,15.79686,Estuary of Bush river
1227,28,0.3789196,7.9934,14.6366,Estuary of Bush river
1228,27,0.707591,5.5861,12.22632,Estuary of Bush river
1229,33,0.7760683,19.0677,9.670828,Estuary of Bush river
1230,31,0.7527971,23.1836,11.64763,Estuary of Bush river
1231,23,0.7676434,7.0482,12.21867,Estuary of Bush river
1232,19,0.5861459,8.7969,5.793839,Estuary of Bush river
1233,24,0.6684638,19.0834,9.417625,Estuary of Bush river
1234,29,0.7493416,22.8533,11.11793,Estuary of Bush river
1235,23,0.660297,10.5972,14.16853,Estuary of Bush river
1236,20,0.7457354,7.0187,8.623611,Estuary of Bush river
1237,27,0.2436659,21.2262,5.678694,Estuary of Bush river
1238,27,0.298999,24.0173,12.16259,Estuary of Bush river
1239,27,0.628311,9.5468,11.90421,Estuary of Bush river
1240,19,0.667527,5.8637,6.724156,Estuary of Bush river
1241,26,0.7005997,18.0251,11.38648,Estuary of Bush river
1242,33,0.2101501,22.1462,12.27102,Estuary of Bush river
1243,31,0.4298582,8.6533,14.19354,Estuary of Bush river
1244,21,0.5934933,3.9977,7.986514,Estuary of Bush river
1245,28,0.7856888,19.4918,12.2577,Estuary of Bush river
1246,29,0.4939312,24.3479,12.66649,Estuary of Bush river
1247,30,0.413617,8.0279,12.78489,Estuary of Bush river
1248,25,0.7238361,3.1023,12.57201,Estuary of Bush river
1249,29,0.866982,20.1448,13.7825,Estuary of Bush river
1250,35,0.7988684,22.5783,13.64576,Estuary of Bush river
1251,30,0.8350527,10.4924,12.15821,Estuary of Bush river
1252,26,0.763773,5.7883,4.680267,Estuary of Bush river
1253,30,0.4362106,19.9212,9.080137,Estuary of Bush river
1254,30,0.1123547,24.2029,11.74493,Estuary of Bush river
1255,27,0.06742155,7.9048,15.87167,Estuary of Bush river
1256,22,0.7079731,3.5548,12.95924,Estuary of Bush river
1257,28,0.7128794,19.1671,6.674149,Estuary of Bush river
1258,31,0.8761144,22.4914,10.1349,Estuary of Bush river
1259,22,0.7528198,8.5854,16.1638,Estuary of Bush river
1260,22,0.7673682,6.2786,12.94325,Estuary of Bush river
1261,27,0.8354776,18.2089,12.42136,Estuary of Bush river
1262,29,0.4604804,22.9516,10.12608,Estuary of Bush river
1263,25,0.085034,8.5,16.19315,Estuary of Bush river
1264,26,0.8198509,7.4025,13.62805,Estuary of Bush river
1265,31,0.8246809,19.9072,13.69128,Estuary of Bush river
1266,26,0.1435039,24.7758,13.51494,Estuary of Bush river
1267,24,0.6141867,10.3051,13.8646,Estuary of Bush river
1268,27,0.6808248,5.8805,13.85161,Estuary of Bush river
1269,31,0.7217612,19.7143,12.88587,Estuary of Bush river
1270,25,0.4965937,23.8447,14.14266,Estuary of Bush river
1271,19,0.6079997,10.0486,12.61648,Estuary of Bush river
1272,18,0.7217632,6.4386,9.453173,Estuary of Bush river
1273,23,0.7943865,19.5229,9.484439,Estuary of Bush river
1274,31,0.8391338,22.042,10.8645,Estuary of Bush river
1275,24,0.4807172,7.0848,12.05557,Estuary of Bush river
1276,16,0.7247015,4.702,11.72411,Estuary of Bush river
1277,24,0.6991475,19.319,11.12229,Estuary of Bush river
1278,25,0.2895515,22.0689,12.65984,Estuary of Bush river
1279,23,0.01999356,10.8242,13.59084,Estuary of Bush river
1280,16,0.4944102,6.9624,15.64235,Estuary of Bush river
1281,17,0.6563831,21.9439,8.357728,Estuary of magothy river
1282,18,0.1894655,4.9452,4.712257,Estuary of magothy river
1283,16,0.3520489,4.3996,7.131213,Estuary of magothy river
1284,15,0.7189334,20.4679,6.544974,Estuary of magothy river
1285,13,0.5298971,23.3389,6.413149,Estuary of magothy river
1286,14,0.7937264,9.6014,8.484128,Estuary of magothy river
1287,14,0.7685358,4.8856,8.955165,Estuary of magothy river
1288,16,0.6839864,20.0171,8.658642,Estuary of magothy river
1289,13,0.7139185,23.2049,7.749895,Estuary of magothy river
1290,14,0.8231246,8.9253,8.879701,Estuary of magothy river
1291,14,0.1367555,4.9307,10.5305,Estuary of magothy river
1292,17,0.7866914,19.9435,8.429036,Estuary of magothy river
1293,16,0.1869844,24.2923,9.770273,Estuary of magothy river
1294,16,0.07057988,8.6814,10.99796,Estuary of magothy river
1295,13,0.3361497,4.1445,9.39518,Estuary of magothy river
1296,15,0.6756447,19.0096,8.939536,Estuary of magothy river
1297,18,0.241771,24.1125,9.406247,Estuary of magothy river
1298,16,0.2999214,7.9934,10.47468,Estuary of magothy river
1299,13,0.1439033,5.5861,9.384218,Estuary of magothy river
1300,17,0.8026625,19.0677,9.480543,Estuary of magothy river
1301,17,0.7987494,23.1836,8.265861,Estuary of magothy river
1302,12,0.6961638,7.0482,10.25829,Estuary of magothy river
1303,11,0.04018025,8.7969,8.220149,Estuary of magothy river
1304,15,0.770737,19.0834,7.645212,Estuary of magothy river
1305,17,0.5052104,22.8533,7.434769,Estuary of magothy river
1306,14,0.6593349,10.5972,7.902868,Estuary of magothy river
1307,13,0.6476296,7.0187,10.34769,Estuary of magothy river
1308,13,0.6933649,21.2262,8.771192,Estuary of magothy river
1309,14,0.4446114,24.0173,9.011045,Estuary of magothy river
1310,13,0.6762927,9.5468,8.521693,Estuary of magothy river
1311,12,0.04229957,5.8637,8.626471,Estuary of magothy river
1312,14,0.6610044,18.0251,9.088883,Estuary of magothy river
1313,16,0.3758949,22.1462,7.363293,Estuary of magothy river
1314,15,0.5077194,8.6533,8.694051,Estuary of magothy river
1315,13,0.6484202,3.9977,8.372096,Estuary of magothy river
1316,18,0.5154598,19.4918,7.588849,Estuary of magothy river
1317,19,0.7205857,24.3479,3.221044,Estuary of magothy river
1318,18,0.5666899,8.0279,6.811762,Estuary of magothy river
1319,17,0.3807423,3.1023,7.57176,Estuary of magothy river
1320,18,0.2963692,20.1448,4.498769,Estuary of magothy river
1321,18,0.5964027,22.5783,6.981315,Estuary of magothy river
1322,16,0.2575119,10.4924,7.257639,Estuary of magothy river
1323,14,0.8123558,5.7883,8.922404,Estuary of magothy river
1324,17,0.7870649,19.9212,9.318185,Estuary of magothy river
1325,15,0.6169145,24.2029,8.201968,Estuary of magothy river
1326,14,0.7420614,7.9048,8.964916,Estuary of magothy river
1327,13,0.3904345,3.5548,8.917651,Estuary of magothy river
1328,12,0.6190706,19.1671,11.21347,Estuary of magothy river
1329,17,0.6121946,22.4914,6.873734,Estuary of magothy river
1330,14,0.5714888,8.5854,7.785919,Estuary of magothy river
1331,10,0.610564,6.2786,7.211359,Estuary of magothy river
1332,16,0.8112849,18.2089,9.1875,Estuary of magothy river
1333,15,0.6786472,22.9516,7.137449,Estuary of magothy river
1334,14,0.6444149,8.5,7.308206,Estuary of magothy river
1335,16,0.8259717,7.4025,9.23539,Estuary of magothy river
1336,17,0.7680485,19.9072,6.964959,Estuary of magothy river
1337,16,0.7047979,24.7758,9.609777,Estuary of magothy river
1338,12,0.5921499,10.3051,5.414037,Estuary of magothy river
1339,10,0.2377906,5.8805,6.037996,Estuary of magothy river
1340,15,0.6734442,19.7143,6.606968,Estuary of magothy river
1341,18,0.4463404,23.8447,9.520195,Estuary of magothy river
1342,13,0.5224695,10.0486,5.862114,Estuary of magothy river
1343,10,0.1875586,6.4386,8.962168,Estuary of magothy river
1344,15,0.3574064,19.5229,7.006456,Estuary of magothy river
1345,17,0.6161143,22.042,7.400113,Estuary of magothy river
1346,13,0.5812328,7.0848,8.218372,Estuary of magothy river
1347,7,0.04571048,4.702,9.459026,Estuary of magothy river
1348,11,0.5180269,19.319,8.121866,Estuary of magothy river
1349,12,0.3256136,22.0689,4.90602,Estuary of magothy river
1350,11,0.08084913,10.8242,8.340806,Estuary of magothy river
1351,10,0.100346,6.9624,7.994914,Estuary of magothy river
1352,16,0.6854306,19.2754,8.429658,Estuary of magothy river
1353,12,0.7564184,24.7929,4.381777,Estuary of magothy river
1354,18,0.7946385,22.5258,15.62116,Estuary of Patuxent river
1355,20,0.6955356,11.2507,8.634537,Estuary of Patuxent river
1356,19,0.4749442,3.9259,9.133633,Estuary of Patuxent river
1357,18,0.813455,18.8795,9.424453,Estuary of Patuxent river
1358,19,0.8588397,23.9712,16.96269,Estuary of Patuxent river
1359,16,0.277993,10.9805,8.658392,Estuary of Patuxent river
1360,17,0.7390242,3.9857,7.108737,Estuary of Patuxent river
1361,21,0.6423118,18.6085,11.65253,Estuary of Patuxent river
1362,15,0.6292588,23.9879,16.75171,Estuary of Patuxent river
1363,14,0.5624864,10.1754,5.052053,Estuary of Patuxent river
1364,15,0.5863155,3.6338,8.553879,Estuary of Patuxent river
1365,16,0.6354562,18.0178,10.23462,Estuary of Patuxent river
1366,17,0.8665904,23.6421,14.70117,Estuary of Patuxent river
1367,18,0.5181343,8.4314,9.328514,Estuary of Patuxent river
1368,20,0.7033597,2.8258,2.616159,Estuary of Patuxent river
1369,20,0.7942513,16.4715,10.74401,Estuary of Patuxent river
1370,19,0.7329577,23.5118,16.81097,Estuary of Patuxent river
1371,17,0.5071891,7.9277,5.698415,Estuary of Patuxent river
1372,17,0.525203,4.7443,7.791648,Estuary of Patuxent river
1373,18,0.737162,17.8934,6.605719,Estuary of Patuxent river
1374,20,0.6491814,23.7016,14.23247,Estuary of Patuxent river
1375,19,0.5800331,8.8174,6.871938,Estuary of Patuxent river
1376,16,0.5778214,7.6461,7.494432,Estuary of Patuxent river
1377,16,0.6845625,17.96,7.582467,Estuary of Patuxent river
1378,17,0.8057226,23.7839,15.63622,Estuary of Patuxent river
1379,18,0.732673,12.1229,7.861553,Estuary of Patuxent river
1380,17,0.5798242,6.4309,6.046904,Estuary of Patuxent river
1381,21,0.732797,19.8714,14.37025,Estuary of Patuxent river
1382,20,0.8884959,24.3109,13.1237,Estuary of Patuxent river
1383,18,0.7316946,10.7577,6.970968,Estuary of Patuxent river
1384,19,0.5939934,5.3452,5.654797,Estuary of Patuxent river
1385,19,0.8268799,16.6235,8.236095,Estuary of Patuxent river
1386,22,0.790131,23.4319,15.23001,Estuary of Patuxent river
1387,19,0.7400396,9.7798,5.836513,Estuary of Patuxent river
1388,17,0.3931992,4.1323,8.662514,Estuary of Patuxent river
1389,18,0.7293925,18.5677,9.219059,Estuary of Patuxent river
1390,18,0.7444299,24.8793,15.07508,Estuary of Patuxent river
1391,19,0.7679625,9.6935,8.547524,Estuary of Patuxent river
1392,20,0.217877,3.014,8.15138,Estuary of Patuxent river
1393,18,0.3649023,19.016,5.223521,Estuary of Patuxent river
1394,17,0.8080564,24.2308,13.71378,Estuary of Patuxent river
1395,18,0.6528466,12.6216,7.504821,Estuary of Patuxent river
1396,16,0.4930247,5.8504,7.406825,Estuary of Patuxent river
1397,18,0.5348209,19.255,7.236025,Estuary of Patuxent river
1398,20,0.8848412,25.0617,14.2001,Estuary of Patuxent river
1399,17,0.7470491,9.4005,8.815344,Estuary of Patuxent river
1400,11,0.5148172,3.2028,9.604181,Estuary of Patuxent river
1401,11,0.7306152,18.3546,7.962157,Estuary of Patuxent river
1402,17,0.7123328,22.9693,12.09783,Estuary of Patuxent river
1403,19,0.7672168,9.4132,7.737719,Estuary of Patuxent river
1404,12,0.6688317,5.7767,7.253238,Estuary of Patuxent river
1405,17,0.7838385,16.3474,6.707449,Estuary of Patuxent river
1406,17,0.8094041,22.7931,15.14549,Estuary of Patuxent river
1407,17,0.7598357,9.0197,6.588528,Estuary of Patuxent river
1408,16,0.6946524,6.6098,5.404627,Estuary of Patuxent river
1409,16,0.8305178,18.3831,4.821719,Estuary of Patuxent river
1410,18,0.8745561,24.7856,15.32341,Estuary of Patuxent river
1411,17,0.5672639,10.8551,7.067063,Estuary of Patuxent river
1412,15,0.4727803,5.0625,4.636187,Estuary of Patuxent river
1413,17,0.8453335,18.0044,2.93525,Estuary of Patuxent river
1414,19,0.7806607,24.4811,12.35083,Estuary of Patuxent river
1415,16,0.478659,10.7017,6.891292,Estuary of Patuxent river
1416,12,0.7180373,6.4161,6.3788,Estuary of Patuxent river
1417,17,0.7070203,18.3896,9.040443,Estuary of Patuxent river
1418,19,0.8487029,22.1839,13.42894,Estuary of Patuxent river
1419,15,0.7064508,7.9538,7.607551,Estuary of Patuxent river
1420,15,0.7287494,4.0848,8.357805,Estuary of Patuxent river
1421,21,0.7387554,18.2286,6.763148,Estuary of Patuxent river
1422,18,0.7154003,23.0432,17.92691,Estuary of Patuxent river
1423,13,0.3541473,11.5037,8.542919,Estuary of Patuxent river
1424,16,0.139893,6.3905,6.019001,Estuary of Patuxent river
1425,17,0.6655455,18.7831,7.228248,Estuary of Patuxent river
1426,16,0.8187743,24.8452,13.91811,Estuary of Patuxent river
1427,15,0.4302604,25.7339,9.855286,Estuary of York river
1428,16,0.644047,13.6744,7.519573,Estuary of York river
1429,17,0.641327,6.6404,6.253662,Estuary of York river
1430,17,0.6820343,23.3021,7.299133,Estuary of York river
1431,18,0.6495057,26.9389,5.574393,Estuary of York river
1432,18,0.648431,12.3859,4.875834,Estuary of York river
1433,16,0.61598,7.1173,7.244922,Estuary of York river
1434,17,0.5652877,23.1255,6.772475,Estuary of York river
1435,12,0.6686526,27.2672,7.987555,Estuary of York river
1436,10,0.5393986,12.0352,8.084297,Estuary of York river
1437,15,0.5469614,7.2226,9.607406,Estuary of York river
1438,17,0.704917,22.2328,8.963358,Estuary of York river
1439,14,0.6527873,28.192,10.24614,Estuary of York river
1440,14,0.6785465,11.8013,5.645614,Estuary of York river
1441,15,0.2847117,6.9332,8.141665,Estuary of York river
1442,18,0.3814546,21.6071,6.02688,Estuary of York river
1443,11,0.5980151,28.1559,7.535303,Estuary of York river
1444,10,0.6238251,11.0838,8.252578,Estuary of York river
1445,12,0.4215013,7.7084,6.028058,Estuary of York river
1446,16,0.6343367,21.9769,7.013853,Estuary of York river
1447,14,0.4853341,25.8311,7.485996,Estuary of York river
1448,13,0.582023,10.0253,3.425244,Estuary of York river
1449,11,0.2204176,11.1122,8.641674,Estuary of York river
1450,14,0.5523572,22.1075,7.862223,Estuary of York river
1451,12,0.4483672,26.4407,7.851644,Estuary of York river
1452,12,0.6915946,13.6392,6.92495,Estuary of York river
1453,12,0.5886351,9.085,6.340776,Estuary of York river
1454,17,0.6224339,24.2983,8.129568,Estuary of York river
1455,11,0.5756046,27.2712,7.852659,Estuary of York river
1456,11,0.6816364,12.4709,7.167873,Estuary of York river
1457,9,0.04509741,8.0513,7.231121,Estuary of York river
1458,14,0.142332,20.9267,8.557323,Estuary of York river
1459,13,0.623154,26.0068,8.266489,Estuary of York river
1460,13,0.767211,10.7121,6.902589,Estuary of York river
1461,16,0.6031143,5.8903,6.821874,Estuary of York river
1462,18,0.629899,22.8849,7.74128,Estuary of York river
1463,18,0.4877503,28.011,8.430135,Estuary of York river
1464,19,0.6098311,10.8345,7.241383,Estuary of York river
1465,18,0.6854931,5.8664,7.500901,Estuary of York river
1466,18,0.4966093,23.4032,8.667354,Estuary of York river
1467,17,0.6121228,26.5599,7.94044,Estuary of York river
1468,10,0.4349634,12.8937,7.144085,Estuary of York river
1469,11,0.4867446,7.6355,6.595182,Estuary of York river
1470,16,0.7363175,22.1241,7.276629,Estuary of York river
1471,14,0.2823027,27.5974,9.546915,Estuary of York river
1472,13,0.340266,10.2407,5.154499,Estuary of York river
1473,10,0.7109017,5.3479,9.351872,Estuary of York river
1474,15,0.4059607,22.2493,3.962907,Estuary of York river
1475,16,0.1856802,26.0761,6.892575,Estuary of York river
1476,16,0.2236634,10.9881,9.394939,Estuary of York river
1477,14,0.3950862,8.3062,6.472078,Estuary of York river
1478,17,0.4635717,20.8622,9.030197,Estuary of York river
1479,10,0.6406644,27.274,8.194489,Estuary of York river
1480,10,0.2178364,10.9367,7.412645,Estuary of York river
1481,12,0.1036321,9.2887,6.305301,Estuary of York river
1482,14,0.4471998,22.5625,5.194623,Estuary of York river
1483,14,0.201909,29.1448,9.822575,Estuary of York river
1484,12,0.2368844,12.8758,7.551844,Estuary of York river
1485,9,0.2491232,8.9787,7.015508,Estuary of York river
1486,14,0.6302994,22.9719,7.392616,Estuary of York river
1487,12,0.55069,27.6563,7.010001,Estuary of York river
1488,11,0.6085892,12.6139,8.047909,Estuary of York river
1489,11,0.603476,8.8852,6.02423,Estuary of York river
1490,16,0.6035857,22.6493,6.692918,Estuary of York river
1491,12,0.3221607,25.2278,7.591889,Estuary of York river
1492,10,0.1481098,10.2362,4.800328,Estuary of York river
1493,8,0.05081344,8.5256,9.135888,Estuary of York river
1494,14,0.6047844,22.8945,7.966661,Estuary of York river
1495,11,0.5298201,27.4841,8.278019,Estuary of York river
1496,9,0.3511711,15.0386,6.748497,Estuary of York river
1497,7,0.2506359,10.7011,8.190349,Estuary of York river
1498,11,0.6437034,23.5671,7.41818,Estuary of York river
1499,10,0.5446519,30.0559,7.778559,Estuary of York river
1500,25,0.6615073,26.4907,10.84238,Estuary of Potomac river
1501,27,0.5682367,5.4561,14.60286,Estuary of Potomac river
1502,25,0.7584271,22.1147,17.01953,Estuary of Potomac river
1503,26,0.4706144,33.365,14.03426,Estuary of Potomac river
1504,27,0.7962588,14.8611,32.41283,Estuary of Potomac river
1505,22,0.7948571,1.9554,18.62824,Estuary of Potomac river
1506,22,0.8107872,12.7419,13.4685,Estuary of Potomac river
1507,25,0.4131172,32.7475,13.25919,Estuary of Potomac river
1508,24,0.8257138,32.9056,16.29734,Estuary of Potomac river
1509,18,0.6670115,13.1069,13.50292,Estuary of Potomac river
1510,20,0.7273474,7.7743,15.65383,Estuary of Potomac river
1511,21,0.6707588,22.8634,14.40142,Estuary of Potomac river
1512,26,0.8785923,30.0243,15.85666,Estuary of Potomac river
1513,27,0.6428817,13.6163,14.47354,Estuary of Potomac river
1514,22,0.8112613,7.9718,14.66161,Estuary of Potomac river
1515,22,0.3928392,22.5068,15.25929,Estuary of Potomac river
1516,25,0.7771337,28.8919,21.57218,Estuary of Potomac river
1517,22,0.3837242,12.1041,13.95629,Estuary of Potomac river
1518,20,0.5062411,8.7117,14.55454,Estuary of Potomac river
1519,25,0.8044285,27.9188,12.35737,Estuary of Potomac river
1520,25,0.7981741,27.7455,15.7128,Estuary of Potomac river
1521,25,0.6437682,14.7178,12.56016,Estuary of Potomac river
1522,19,0.7859288,10.2817,17.55658,Estuary of Potomac river
1523,21,0.5130848,22.6085,10.9489,Estuary of Potomac river
1524,24,0.8151177,27.0325,22.7844,Estuary of Potomac river
1525,24,0.8295326,10.4132,21.98673,Estuary of Potomac river
1526,22,0.7924099,24.8123,22.76867,Estuary of Potomac river
1527,24,0.868792,23.9793,11.35279,Estuary of Potomac river
1528,23,0.8359224,24.7963,23.72918,Estuary of Potomac river
1529,22,0.8427145,12.2638,21.52597,Estuary of Potomac river
1530,24,0.7637327,4.8495,17.94492,Estuary of Potomac river
1531,25,0.5695224,18.6024,16.49198,Estuary of Potomac river
1532,25,0.4194089,25.8317,18.79547,Estuary of Potomac river
1533,25,0.8625934,11.0755,17.73678,Estuary of Potomac river
1534,21,0.7726918,6.9664,13.84857,Estuary of Potomac river
1535,23,0.8149301,23.1987,12.07265,Estuary of Potomac river
1536,26,0.8771281,29.682,16.58157,Estuary of Potomac river
1537,22,0.4341048,13.4901,14.74247,Estuary of Potomac river
1538,22,0.7277482,6.6835,15.19337,Estuary of Potomac river
1539,25,0.8088074,24.7293,12.09234,Estuary of Potomac river
1540,24,0.9107215,28.4068,13.28317,Estuary of Potomac river
1541,23,0.6983509,15.1431,18.97345,Estuary of Potomac river
1542,22,0.7761192,9.238,14.8185,Estuary of Potomac river
1543,23,0.8705262,23.5803,14.70957,Estuary of Potomac river
1544,23,0.6956104,29.9715,14.01687,Estuary of Potomac river
1545,21,0.6645304,12.7686,17.70054,Estuary of Potomac river
1546,13,0.6350473,6.2516,12.98914,Estuary of Potomac river
1547,14,0.7002968,22.5174,3.911113,Estuary of Potomac river
1548,23,0.777424,27.5441,20.98447,Estuary of Potomac river
1549,19,0.6539282,12.4864,9.680995,Estuary of Potomac river
1550,13,0.7549447,9.2898,6.877734,Estuary of Potomac river
1551,19,0.8150256,20.6951,10.59386,Estuary of Potomac river
1552,22,0.8959616,27.8608,15.69661,Estuary of Potomac river
1553,20,0.6150225,12.8815,16.78931,Estuary of Potomac river
1554,17,0.7222833,10.1053,15.7151,Estuary of Potomac river
1555,19,0.7485527,23.5636,5.411829,Estuary of Potomac river
1556,24,0.8401572,30.549,12.02906,Estuary of Potomac river
1557,21,0.6798408,15.9416,13.14711,Estuary of Potomac river
1558,18,0.7335671,8.9593,12.25368,Estuary of Potomac river
1559,23,0.7550247,23.4169,11.20699,Estuary of Potomac river
1560,22,0.3313237,28.8513,11.51971,Estuary of Potomac river
1561,20,0.7770825,14.3503,13.38131,Estuary of Potomac river
1562,18,0.6708338,6.7615,31.80896,Estuary of Potomac river
1563,20,0.4869162,18.7829,11.88691,Estuary of Potomac river
1564,22,0.7698047,22.0172,11.19163,Estuary of Potomac river
1565,18,0.8085918,7.6777,14.20148,Estuary of Potomac river
1566,12,0.3772685,3.735,15.8221,Estuary of Potomac river
1567,19,0.7717887,17.6865,13.53626,Estuary of Potomac river
1568,22,0.8338214,22.3182,14.26607,Estuary of Potomac river
1569,18,0.7900551,9.3303,14.60762,Estuary of Potomac river
1570,16,0.84682,6.1769,12.04427,Estuary of Potomac river
1571,21,0.8295085,18.5658,15.4191,Estuary of Potomac river
1572,20,0.8544299,22.3182,12.2575,Estuary of Potomac river
